country_name,country_text_id,country_id,year,historical_date,codingstart,codingend,gapstart1,gapstart2,gapstart3,gapend1,gapend2,gapend3,COWcode,v2smgovdom,v2smgovdom_codelow,v2smgovdom_codehigh,v2smgovdom_sd,v2smgovdom_osp,v2smgovdom_osp_codelow,v2smgovdom_osp_codehigh,v2smgovdom_osp_sd,v2smgovdom_ord,v2smgovdom_ord_codelow,v2smgovdom_ord_codehigh,v2smgovdom_mean,v2smgovdom_nr,v2smgovab,v2smgovab_codelow,v2smgovab_codehigh,v2smgovab_sd,v2smgovab_osp,v2smgovab_osp_codelow,v2smgovab_osp_codehigh,v2smgovab_osp_sd,v2smgovab_ord,v2smgovab_ord_codelow,v2smgovab_ord_codehigh,v2smgovab_mean,v2smgovab_nr,v2smpardom,v2smpardom_codelow,v2smpardom_codehigh,v2smpardom_sd,v2smpardom_osp,v2smpardom_osp_codelow,v2smpardom_osp_codehigh,v2smpardom_osp_sd,v2smpardom_ord,v2smpardom_ord_codelow,v2smpardom_ord_codehigh,v2smpardom_mean,v2smpardom_nr,v2smparab,v2smparab_codelow,v2smparab_codehigh,v2smparab_sd,v2smparab_osp,v2smparab_osp_codelow,v2smparab_osp_codehigh,v2smparab_osp_sd,v2smparab_ord,v2smparab_ord_codelow,v2smparab_ord_codehigh,v2smparab_mean,v2smparab_nr,v2smfordom,v2smfordom_codelow,v2smfordom_codehigh,v2smfordom_sd,v2smfordom_osp,v2smfordom_osp_codelow,v2smfordom_osp_codehigh,v2smfordom_osp_sd,v2smfordom_ord,v2smfordom_ord_codelow,v2smfordom_ord_codehigh,v2smfordom_mean,v2smfordom_nr,v2smforads,v2smforads_codelow,v2smforads_codehigh,v2smforads_sd,v2smforads_osp,v2smforads_osp_codelow,v2smforads_osp_codehigh,v2smforads_osp_sd,v2smforads_ord,v2smforads_ord_codelow,v2smforads_ord_codehigh,v2smforads_mean,v2smforads_nr,v2smgovfilcap,v2smgovfilcap_codelow,v2smgovfilcap_codehigh,v2smgovfilcap_sd,v2smgovfilcap_osp,v2smgovfilcap_osp_codelow,v2smgovfilcap_osp_codehigh,v2smgovfilcap_osp_sd,v2smgovfilcap_ord,v2smgovfilcap_ord_codelow,v2smgovfilcap_ord_codehigh,v2smgovfilcap_mean,v2smgovfilcap_nr,v2smgovfilprc,v2smgovfilprc_codelow,v2smgovfilprc_codehigh,v2smgovfilprc_sd,v2smgovfilprc_osp,v2smgovfilprc_osp_codelow,v2smgovfilprc_osp_codehigh,v2smgovfilprc_osp_sd,v2smgovfilprc_ord,v2smgovfilprc_ord_codelow,v2smgovfilprc_ord_codehigh,v2smgovfilprc_mean,v2smgovfilprc_nr,v2smgovshutcap,v2smgovshutcap_codelow,v2smgovshutcap_codehigh,v2smgovshutcap_sd,v2smgovshutcap_osp,v2smgovshutcap_osp_codelow,v2smgovshutcap_osp_codehigh,v2smgovshutcap_osp_sd,v2smgovshutcap_ord,v2smgovshutcap_ord_codelow,v2smgovshutcap_ord_codehigh,v2smgovshutcap_mean,v2smgovshutcap_nr,v2smgovshut,v2smgovshut_codelow,v2smgovshut_codehigh,v2smgovshut_sd,v2smgovshut_osp,v2smgovshut_osp_codelow,v2smgovshut_osp_codehigh,v2smgovshut_osp_sd,v2smgovshut_ord,v2smgovshut_ord_codelow,v2smgovshut_ord_codehigh,v2smgovshut_mean,v2smgovshut_nr,v2smgovsm,v2smgovsm_codelow,v2smgovsm_codehigh,v2smgovsm_sd,v2smgovsm_osp,v2smgovsm_osp_codelow,v2smgovsm_osp_codehigh,v2smgovsm_osp_sd,v2smgovsm_ord,v2smgovsm_ord_codelow,v2smgovsm_ord_codehigh,v2smgovsm_mean,v2smgovsm_nr,v2smgovsmalt,v2smgovsmalt_codelow,v2smgovsmalt_codehigh,v2smgovsmalt_sd,v2smgovsmalt_osp,v2smgovsmalt_osp_codelow,v2smgovsmalt_osp_codehigh,v2smgovsmalt_osp_sd,v2smgovsmalt_ord,v2smgovsmalt_ord_codelow,v2smgovsmalt_ord_codehigh,v2smgovsmalt_mean,v2smgovsmalt_nr,v2smgovsmmon,v2smgovsmmon_codelow,v2smgovsmmon_codehigh,v2smgovsmmon_sd,v2smgovsmmon_osp,v2smgovsmmon_osp_codelow,v2smgovsmmon_osp_codehigh,v2smgovsmmon_osp_sd,v2smgovsmmon_ord,v2smgovsmmon_ord_codelow,v2smgovsmmon_ord_codehigh,v2smgovsmmon_mean,v2smgovsmmon_nr,v2smgovsmcenprc,v2smgovsmcenprc_codelow,v2smgovsmcenprc_codehigh,v2smgovsmcenprc_sd,v2smgovsmcenprc_osp,v2smgovsmcenprc_osp_codelow,v2smgovsmcenprc_osp_codehigh,v2smgovsmcenprc_osp_sd,v2smgovsmcenprc_ord,v2smgovsmcenprc_ord_codelow,v2smgovsmcenprc_ord_codehigh,v2smgovsmcenprc_mean,v2smgovsmcenprc_nr,v2smgovcapsec,v2smgovcapsec_codelow,v2smgovcapsec_codehigh,v2smgovcapsec_sd,v2smgovcapsec_osp,v2smgovcapsec_osp_codelow,v2smgovcapsec_osp_codehigh,v2smgovcapsec_osp_sd,v2smgovcapsec_ord,v2smgovcapsec_ord_codelow,v2smgovcapsec_ord_codehigh,v2smgovcapsec_mean,v2smgovcapsec_nr,v2smpolcap,v2smpolcap_codelow,v2smpolcap_codehigh,v2smpolcap_sd,v2smpolcap_osp,v2smpolcap_osp_codelow,v2smpolcap_osp_codehigh,v2smpolcap_osp_sd,v2smpolcap_ord,v2smpolcap_ord_codelow,v2smpolcap_ord_codehigh,v2smpolcap_mean,v2smpolcap_nr,v2smregcon,v2smregcon_codelow,v2smregcon_codehigh,v2smregcon_sd,v2smregcon_osp,v2smregcon_osp_codelow,v2smregcon_osp_codehigh,v2smregcon_osp_sd,v2smregcon_ord,v2smregcon_ord_codelow,v2smregcon_ord_codehigh,v2smregcon_mean,v2smregcon_nr,v2smprivex,v2smprivex_codelow,v2smprivex_codehigh,v2smprivex_sd,v2smprivex_osp,v2smprivex_osp_codelow,v2smprivex_osp_codehigh,v2smprivex_osp_sd,v2smprivex_ord,v2smprivex_ord_codelow,v2smprivex_ord_codehigh,v2smprivex_mean,v2smprivex_nr,v2smprivcon,v2smprivcon_codelow,v2smprivcon_codehigh,v2smprivcon_sd,v2smprivcon_osp,v2smprivcon_osp_codelow,v2smprivcon_osp_codehigh,v2smprivcon_osp_sd,v2smprivcon_ord,v2smprivcon_ord_codelow,v2smprivcon_ord_codehigh,v2smprivcon_mean,v2smprivcon_nr,v2smregcap,v2smregcap_codelow,v2smregcap_codehigh,v2smregcap_sd,v2smregcap_osp,v2smregcap_osp_codelow,v2smregcap_osp_codehigh,v2smregcap_osp_sd,v2smregcap_ord,v2smregcap_ord_codelow,v2smregcap_ord_codehigh,v2smregcap_mean,v2smregcap_nr,v2smregapp,v2smregapp_codelow,v2smregapp_codehigh,v2smregapp_sd,v2smregapp_osp,v2smregapp_osp_codelow,v2smregapp_osp_codehigh,v2smregapp_osp_sd,v2smregapp_ord,v2smregapp_ord_codelow,v2smregapp_ord_codehigh,v2smregapp_mean,v2smregapp_nr,v2smlawpr,v2smlawpr_codelow,v2smlawpr_codehigh,v2smlawpr_sd,v2smlawpr_osp,v2smlawpr_osp_codelow,v2smlawpr_osp_codehigh,v2smlawpr_osp_sd,v2smlawpr_ord,v2smlawpr_ord_codelow,v2smlawpr_ord_codehigh,v2smlawpr_mean,v2smlawpr_nr,v2smdefabu,v2smdefabu_codelow,v2smdefabu_codehigh,v2smdefabu_sd,v2smdefabu_osp,v2smdefabu_osp_codelow,v2smdefabu_osp_codehigh,v2smdefabu_osp_sd,v2smdefabu_ord,v2smdefabu_ord_codelow,v2smdefabu_ord_codehigh,v2smdefabu_mean,v2smdefabu_nr,v2smonex,v2smonex_codelow,v2smonex_codehigh,v2smonex_sd,v2smonex_osp,v2smonex_osp_codelow,v2smonex_osp_codehigh,v2smonex_osp_sd,v2smonex_ord,v2smonex_ord_codelow,v2smonex_ord_codehigh,v2smonex_mean,v2smonex_nr,v2smonper,v2smonper_codelow,v2smonper_codehigh,v2smonper_sd,v2smonper_osp,v2smonper_osp_codelow,v2smonper_osp_codehigh,v2smonper_osp_sd,v2smonper_ord,v2smonper_ord_codelow,v2smonper_ord_codehigh,v2smonper_mean,v2smonper_nr,v2smmefra,v2smmefra_codelow,v2smmefra_codehigh,v2smmefra_sd,v2smmefra_osp,v2smmefra_osp_codelow,v2smmefra_osp_codehigh,v2smmefra_osp_sd,v2smmefra_ord,v2smmefra_ord_codelow,v2smmefra_ord_codehigh,v2smmefra_mean,v2smmefra_nr,v2smorgviol,v2smorgviol_codelow,v2smorgviol_codehigh,v2smorgviol_sd,v2smorgviol_osp,v2smorgviol_osp_codelow,v2smorgviol_osp_codehigh,v2smorgviol_osp_sd,v2smorgviol_ord,v2smorgviol_ord_codelow,v2smorgviol_ord_codehigh,v2smorgviol_mean,v2smorgviol_nr,v2smorgavgact,v2smorgavgact_codelow,v2smorgavgact_codehigh,v2smorgavgact_sd,v2smorgavgact_osp,v2smorgavgact_osp_codelow,v2smorgavgact_osp_codehigh,v2smorgavgact_osp_sd,v2smorgavgact_ord,v2smorgavgact_ord_codelow,v2smorgavgact_ord_codehigh,v2smorgavgact_mean,v2smorgavgact_nr,v2smorgelitact,v2smorgelitact_codelow,v2smorgelitact_codehigh,v2smorgelitact_sd,v2smorgelitact_osp,v2smorgelitact_osp_codelow,v2smorgelitact_osp_codehigh,v2smorgelitact_osp_sd,v2smorgelitact_ord,v2smorgelitact_ord_codelow,v2smorgelitact_ord_codehigh,v2smorgelitact_mean,v2smorgelitact_nr,v2smcamp,v2smcamp_codelow,v2smcamp_codehigh,v2smcamp_sd,v2smcamp_osp,v2smcamp_osp_codelow,v2smcamp_osp_codehigh,v2smcamp_osp_sd,v2smcamp_ord,v2smcamp_ord_codelow,v2smcamp_ord_codehigh,v2smcamp_mean,v2smcamp_nr,v2smarrest,v2smarrest_codelow,v2smarrest_codehigh,v2smarrest_sd,v2smarrest_osp,v2smarrest_osp_codelow,v2smarrest_osp_codehigh,v2smarrest_osp_sd,v2smarrest_ord,v2smarrest_ord_codelow,v2smarrest_ord_codehigh,v2smarrest_mean,v2smarrest_nr,v2smpolsoc,v2smpolsoc_codelow,v2smpolsoc_codehigh,v2smpolsoc_sd,v2smpolsoc_osp,v2smpolsoc_osp_codelow,v2smpolsoc_osp_codehigh,v2smpolsoc_osp_sd,v2smpolsoc_ord,v2smpolsoc_ord_codelow,v2smpolsoc_ord_codehigh,v2smpolsoc_mean,v2smpolsoc_nr,v2smpolhate,v2smpolhate_codelow,v2smpolhate_codehigh,v2smpolhate_sd,v2smpolhate_osp,v2smpolhate_osp_codelow,v2smpolhate_osp_codehigh,v2smpolhate_osp_sd,v2smpolhate_ord,v2smpolhate_ord_codelow,v2smpolhate_ord_codehigh,v2smpolhate_mean,v2smpolhate_nr,v2smhargr_0,v2smhargr_1,v2smhargr_2,v2smhargr_3,v2smhargr_4,v2smhargr_5,v2smhargr_6,v2smhargr_7,v2smhargr_8,v2smhargr_9,v2smhargr_10,v2smhargr_nr,v2smorgtypes_0,v2smorgtypes_1,v2smorgtypes_2,v2smorgtypes_3,v2smorgtypes_4,v2smorgtypes_5,v2smorgtypes_6,v2smorgtypes_7,v2smorgtypes_8,v2smorgtypes_9,v2smorgtypes_nr
Indonesia,IDN,56,2000,12/31/2000,2000,2025,,,,,,,850,0.346,0.019,0.665,0.339,2.744,2.495,2.984,0.253,3,3,3,2.889,9,0.517,0.2,0.855,0.34,2.858,2.644,3.124,0.245,3,3,3,3,9,0.452,0.059,0.847,0.415,2.383,2.117,2.701,0.304,3,2,3,2.333,9,0.802,0.388,1.169,0.412,3.225,2.975,3.444,0.235,3,3,3,3.111,9,0.112,-0.209,0.476,0.36,2.707,2.478,2.946,0.245,3,3,3,2.778,9,0.83,0.446,1.26,0.429,3.409,3.229,3.634,0.202,3,3,4,3.333,9,-0.21,-0.585,0.212,0.42,1.728,1.484,2.006,0.27,2,2,2,1.667,9,0.791,0.392,1.214,0.435,3.208,2.98,3.493,0.266,3,3,3,3,9,-0.925,-1.23,-0.575,0.349,1.88,1.509,2.286,0.4,2,1,2,2.222,9,1.113,0.506,1.541,0.546,3.845,3.772,3.994,0.132,4,4,4,3.778,9,0.451,0.15,0.738,0.308,3.561,3.422,3.724,0.153,4,4,4,3.556,9,1.15,0.723,1.563,0.442,3.572,3.359,3.783,0.207,4,4,4,3.444,9,0.286,-0.009,0.625,0.33,2.601,2.383,2.857,0.241,3,3,3,2.667,9,1.248,0.754,1.621,0.46,3.771,3.673,3.941,0.137,4,4,4,3.667,9,-0.932,-1.3,-0.533,0.404,1.388,1.148,1.65,0.261,1,1,1,1.444,9,-1.394,-1.77,-0.863,0.471,0.634,0.362,0.858,0.236,1,0,1,0.778,9,-0.119,-0.349,0.149,0.257,2.552,2.331,2.785,0.232,3,2,3,2.556,9,-0.717,-1.147,-0.256,0.479,0.553,0.396,0.734,0.17,1,0,1,0.667,9,-0.541,-0.901,-0.154,0.394,2.431,2.097,2.827,0.38,2,2,3,2.333,6,-0.519,-0.792,-0.181,0.328,1.454,1.236,1.672,0.23,1,1,1,1.556,9,0.576,0.232,0.814,0.294,1.981,1.755,2.199,0.226,2,2,2,2,9,0.36,-0.034,0.735,0.436,2.486,2.149,2.812,0.367,3,2,3,2.111,9,-0.245,-0.68,0.08,0.395,2.363,2.045,2.646,0.313,2,2,3,2.444,9,-0.47,-0.851,-0.074,0.408,1.814,1.638,2.02,0.197,2,2,2,1.778,9,0.13,-0.274,0.492,0.399,2.556,2.29,2.821,0.28,3,2,3,2.556,9,-0.222,-0.581,0.142,0.38,2.139,1.856,2.455,0.311,2,2,2,2.111,9,-0.183,-0.56,0.195,0.385,1.119,0.991,1.258,0.139,1,1,1,1.111,9,0.175,-0.123,0.51,0.336,2.202,1.933,2.464,0.279,2,2,2,1.667,9,0.033,-0.258,0.326,0.301,2.119,1.889,2.372,0.251,2,2,2,1.889,9,-0.964,-1.228,-0.6,0.319,1.949,1.748,2.191,0.225,2,2,2,1.889,9,1.141,0.693,1.494,0.421,2.354,2.144,2.585,0.219,2,2,3,2.333,9,0.243,-0.1,0.594,0.361,1.634,1.31,1.919,0.31,2,1,2,1.667,9,0.899,0.438,1.348,0.48,2.977,2.664,3.317,0.333,3,3,3,2.444,9,0.444,0.778,1,0.667,0,0,0.444,0.111,0.333,0.111,0,9,0.444,0.667,0.889,0.444,0,0,0.222,0.111,0,0,9
Indonesia,IDN,56,2001,12/31/2001,2000,2025,,,,,,,850,0.346,0.019,0.665,0.339,2.744,2.495,2.984,0.253,3,3,3,2.889,9,0.517,0.2,0.855,0.34,2.858,2.644,3.124,0.245,3,3,3,3,9,0.452,0.059,0.847,0.415,2.383,2.117,2.701,0.304,3,2,3,2.333,9,0.802,0.388,1.169,0.412,3.225,2.975,3.444,0.235,3,3,3,3.111,9,0.112,-0.209,0.476,0.36,2.707,2.478,2.946,0.245,3,3,3,2.778,9,0.83,0.446,1.26,0.429,3.409,3.229,3.634,0.202,3,3,4,3.333,9,-0.21,-0.585,0.212,0.42,1.728,1.484,2.006,0.27,2,2,2,1.667,9,0.791,0.392,1.214,0.435,3.208,2.98,3.493,0.266,3,3,3,3,9,-0.925,-1.23,-0.575,0.349,1.88,1.509,2.286,0.4,2,1,2,2.222,9,1.113,0.506,1.541,0.546,3.845,3.772,3.994,0.132,4,4,4,3.778,9,0.451,0.15,0.738,0.308,3.561,3.422,3.724,0.153,4,4,4,3.556,9,1.15,0.723,1.563,0.442,3.572,3.359,3.783,0.207,4,4,4,3.444,9,0.286,-0.009,0.625,0.33,2.601,2.383,2.857,0.241,3,3,3,2.667,9,1.248,0.754,1.621,0.46,3.771,3.673,3.941,0.137,4,4,4,3.667,9,-0.932,-1.3,-0.533,0.404,1.388,1.148,1.65,0.261,1,1,1,1.444,9,-1.394,-1.77,-0.863,0.471,0.634,0.362,0.858,0.236,1,0,1,0.778,9,-0.119,-0.349,0.149,0.257,2.552,2.331,2.785,0.232,3,2,3,2.556,9,-0.717,-1.147,-0.256,0.479,0.553,0.396,0.734,0.17,1,0,1,0.667,9,-0.541,-0.901,-0.154,0.394,2.431,2.097,2.827,0.38,2,2,3,2.333,6,-0.519,-0.792,-0.181,0.328,1.454,1.236,1.672,0.23,1,1,1,1.556,9,0.576,0.232,0.814,0.294,1.981,1.755,2.199,0.226,2,2,2,2,9,0.36,-0.034,0.735,0.436,2.486,2.149,2.812,0.367,3,2,3,2.111,9,-0.245,-0.68,0.08,0.395,2.363,2.045,2.646,0.313,2,2,3,2.444,9,-0.47,-0.851,-0.074,0.408,1.814,1.638,2.02,0.197,2,2,2,1.778,9,0.13,-0.274,0.492,0.399,2.556,2.29,2.821,0.28,3,2,3,2.556,9,-0.222,-0.581,0.142,0.38,2.139,1.856,2.455,0.311,2,2,2,2.111,9,-0.183,-0.56,0.195,0.385,1.119,0.991,1.258,0.139,1,1,1,1.111,9,0.175,-0.123,0.51,0.336,2.202,1.933,2.464,0.279,2,2,2,1.667,9,0.033,-0.258,0.326,0.301,2.119,1.889,2.372,0.251,2,2,2,1.889,9,-0.964,-1.228,-0.6,0.319,1.949,1.748,2.191,0.225,2,2,2,1.889,9,1.141,0.693,1.494,0.421,2.354,2.144,2.585,0.219,2,2,3,2.333,9,0.243,-0.1,0.594,0.361,1.634,1.31,1.919,0.31,2,1,2,1.667,9,0.899,0.438,1.348,0.48,2.977,2.664,3.317,0.333,3,3,3,2.444,9,0.444,0.778,1,0.667,0,0,0.444,0.111,0.333,0.111,0,9,0.444,0.667,0.889,0.444,0,0,0.222,0.111,0,0,9
Indonesia,IDN,56,2002,12/31/2002,2000,2025,,,,,,,850,0.346,0.019,0.665,0.339,2.744,2.495,2.984,0.253,3,3,3,2.889,9,0.517,0.2,0.855,0.34,2.858,2.644,3.124,0.245,3,3,3,3,9,0.452,0.059,0.847,0.415,2.383,2.117,2.701,0.304,3,2,3,2.333,9,0.802,0.388,1.169,0.412,3.225,2.975,3.444,0.235,3,3,3,3.111,9,0.112,-0.209,0.476,0.36,2.707,2.478,2.946,0.245,3,3,3,2.778,9,0.83,0.446,1.26,0.429,3.409,3.229,3.634,0.202,3,3,4,3.333,9,-0.21,-0.585,0.212,0.42,1.728,1.484,2.006,0.27,2,2,2,1.667,9,0.791,0.392,1.214,0.435,3.208,2.98,3.493,0.266,3,3,3,3,9,-0.925,-1.23,-0.575,0.349,1.88,1.509,2.286,0.4,2,1,2,2.222,9,1.113,0.506,1.541,0.546,3.845,3.772,3.994,0.132,4,4,4,3.778,9,0.451,0.15,0.738,0.308,3.561,3.422,3.724,0.153,4,4,4,3.556,9,1.15,0.723,1.563,0.442,3.572,3.359,3.783,0.207,4,4,4,3.444,9,0.286,-0.009,0.625,0.33,2.601,2.383,2.857,0.241,3,3,3,2.667,9,1.248,0.754,1.621,0.46,3.771,3.673,3.941,0.137,4,4,4,3.667,9,-0.932,-1.3,-0.533,0.404,1.388,1.148,1.65,0.261,1,1,1,1.444,9,-1.394,-1.77,-0.863,0.471,0.634,0.362,0.858,0.236,1,0,1,0.778,9,-0.119,-0.349,0.149,0.257,2.552,2.331,2.785,0.232,3,2,3,2.556,9,-0.717,-1.147,-0.256,0.479,0.553,0.396,0.734,0.17,1,0,1,0.667,9,-0.541,-0.901,-0.154,0.394,2.431,2.097,2.827,0.38,2,2,3,2.333,6,-0.519,-0.792,-0.181,0.328,1.454,1.236,1.672,0.23,1,1,1,1.556,9,0.576,0.232,0.814,0.294,1.981,1.755,2.199,0.226,2,2,2,2,9,0.36,-0.034,0.735,0.436,2.486,2.149,2.812,0.367,3,2,3,2.111,9,-0.245,-0.68,0.08,0.395,2.363,2.045,2.646,0.313,2,2,3,2.444,9,-0.47,-0.851,-0.074,0.408,1.814,1.638,2.02,0.197,2,2,2,1.778,9,0.13,-0.274,0.492,0.399,2.556,2.29,2.821,0.28,3,2,3,2.556,9,-0.222,-0.581,0.142,0.38,2.139,1.856,2.455,0.311,2,2,2,2.111,9,-0.183,-0.56,0.195,0.385,1.119,0.991,1.258,0.139,1,1,1,1.111,9,0.175,-0.123,0.51,0.336,2.202,1.933,2.464,0.279,2,2,2,1.667,9,0.033,-0.258,0.326,0.301,2.119,1.889,2.372,0.251,2,2,2,1.889,9,-0.964,-1.228,-0.6,0.319,1.949,1.748,2.191,0.225,2,2,2,1.889,9,1.141,0.693,1.494,0.421,2.354,2.144,2.585,0.219,2,2,3,2.333,9,0.243,-0.1,0.594,0.361,1.634,1.31,1.919,0.31,2,1,2,1.667,9,0.899,0.438,1.348,0.48,2.977,2.664,3.317,0.333,3,3,3,2.444,9,0.444,0.778,1,0.667,0,0,0.444,0.111,0.333,0.111,0,9,0.444,0.667,0.889,0.444,0,0,0.222,0.111,0,0,9
Indonesia,IDN,56,2003,12/31/2003,2000,2025,,,,,,,850,0.346,0.019,0.665,0.339,2.744,2.495,2.984,0.253,3,3,3,2.889,9,0.517,0.2,0.855,0.34,2.858,2.644,3.124,0.245,3,3,3,3,9,0.452,0.059,0.847,0.415,2.383,2.117,2.701,0.304,3,2,3,2.333,9,0.802,0.388,1.169,0.412,3.225,2.975,3.444,0.235,3,3,3,3.111,9,0.112,-0.209,0.476,0.36,2.707,2.478,2.946,0.245,3,3,3,2.778,9,0.83,0.446,1.26,0.429,3.409,3.229,3.634,0.202,3,3,4,3.333,9,-0.21,-0.585,0.212,0.42,1.728,1.484,2.006,0.27,2,2,2,1.667,9,0.791,0.392,1.214,0.435,3.208,2.98,3.493,0.266,3,3,3,3,9,-0.925,-1.23,-0.575,0.349,1.88,1.509,2.286,0.4,2,1,2,2.222,9,1.113,0.506,1.541,0.546,3.845,3.772,3.994,0.132,4,4,4,3.778,9,0.451,0.15,0.738,0.308,3.561,3.422,3.724,0.153,4,4,4,3.556,9,1.15,0.723,1.563,0.442,3.572,3.359,3.783,0.207,4,4,4,3.444,9,0.286,-0.009,0.625,0.33,2.601,2.383,2.857,0.241,3,3,3,2.667,9,1.248,0.754,1.621,0.46,3.771,3.673,3.941,0.137,4,4,4,3.667,9,-0.932,-1.3,-0.533,0.404,1.388,1.148,1.65,0.261,1,1,1,1.444,9,-1.394,-1.77,-0.863,0.471,0.634,0.362,0.858,0.236,1,0,1,0.778,9,-0.06,-0.32,0.169,0.258,2.607,2.377,2.822,0.23,3,2,3,2.667,9,-0.717,-1.147,-0.256,0.479,0.553,0.396,0.734,0.17,1,0,1,0.667,9,-0.541,-0.901,-0.154,0.394,2.431,2.097,2.827,0.38,2,2,3,2.333,6,-0.519,-0.792,-0.181,0.328,1.454,1.236,1.672,0.23,1,1,1,1.556,9,0.576,0.232,0.814,0.294,1.981,1.755,2.199,0.226,2,2,2,2,9,0.36,-0.034,0.735,0.436,2.486,2.149,2.812,0.367,3,2,3,2.111,9,-0.245,-0.68,0.08,0.395,2.363,2.045,2.646,0.313,2,2,3,2.444,9,-0.47,-0.851,-0.074,0.408,1.814,1.638,2.02,0.197,2,2,2,1.778,9,0.13,-0.274,0.492,0.399,2.556,2.29,2.821,0.28,3,2,3,2.556,9,-0.222,-0.581,0.142,0.38,2.139,1.856,2.455,0.311,2,2,2,2.111,9,-0.183,-0.56,0.195,0.385,1.119,0.991,1.258,0.139,1,1,1,1.111,9,0.175,-0.123,0.51,0.336,2.202,1.933,2.464,0.279,2,2,2,1.667,9,0.033,-0.258,0.326,0.301,2.119,1.889,2.372,0.251,2,2,2,1.889,9,-0.964,-1.228,-0.6,0.319,1.949,1.748,2.191,0.225,2,2,2,1.889,9,1.141,0.693,1.494,0.421,2.354,2.144,2.585,0.219,2,2,3,2.333,9,0.243,-0.1,0.594,0.361,1.634,1.31,1.919,0.31,2,1,2,1.667,9,0.899,0.438,1.348,0.48,2.977,2.664,3.317,0.333,3,3,3,2.444,9,0.444,0.778,1,0.667,0,0,0.444,0.111,0.333,0.111,0,9,0.444,0.667,0.889,0.444,0,0,0.222,0.111,0,0,9
Indonesia,IDN,56,2004,12/31/2004,2000,2025,,,,,,,850,0.346,0.019,0.665,0.339,2.744,2.495,2.984,0.253,3,3,3,2.889,9,0.517,0.2,0.855,0.34,2.858,2.644,3.124,0.245,3,3,3,3,9,0.452,0.059,0.847,0.415,2.383,2.117,2.701,0.304,3,2,3,2.333,9,0.802,0.388,1.169,0.412,3.225,2.975,3.444,0.235,3,3,3,3.111,9,0.112,-0.209,0.476,0.36,2.707,2.478,2.946,0.245,3,3,3,2.778,9,0.83,0.446,1.26,0.429,3.409,3.229,3.634,0.202,3,3,4,3.333,9,-0.082,-0.455,0.326,0.412,1.813,1.564,2.078,0.265,2,2,2,1.778,9,0.571,0.19,0.885,0.376,3.062,2.81,3.285,0.25,3,3,3,2.889,9,-0.748,-0.992,-0.403,0.312,2.091,1.77,2.46,0.364,2,2,2,2.333,9,1.113,0.506,1.541,0.546,3.845,3.772,3.994,0.132,4,4,4,3.778,9,0.451,0.15,0.738,0.308,3.561,3.422,3.724,0.153,4,4,4,3.556,9,1.15,0.723,1.563,0.442,3.572,3.359,3.783,0.207,4,4,4,3.444,9,0.286,-0.009,0.625,0.33,2.601,2.383,2.857,0.241,3,3,3,2.667,9,1.248,0.754,1.621,0.46,3.771,3.673,3.941,0.137,4,4,4,3.667,9,-0.688,-1.001,-0.313,0.361,1.555,1.343,1.799,0.239,2,1,2,1.556,9,-1.394,-1.77,-0.863,0.471,0.634,0.362,0.858,0.236,1,0,1,0.778,9,-0.06,-0.32,0.169,0.258,2.607,2.377,2.822,0.23,3,2,3,2.667,9,-0.717,-1.147,-0.256,0.479,0.553,0.396,0.734,0.17,1,0,1,0.667,9,-0.541,-0.901,-0.154,0.394,2.431,2.097,2.827,0.38,2,2,3,2.333,6,-0.294,-0.596,0.025,0.323,1.614,1.378,1.829,0.232,2,1,2,1.778,9,0.576,0.232,0.814,0.294,1.981,1.755,2.199,0.226,2,2,2,2,9,0.541,0.163,0.956,0.43,2.644,2.329,2.989,0.351,3,3,3,2.333,9,-0.245,-0.68,0.08,0.395,2.363,2.045,2.646,0.313,2,2,3,2.444,9,-0.223,-0.534,0.187,0.375,1.934,1.763,2.122,0.184,2,2,2,1.889,9,-0.15,-0.579,0.244,0.428,2.35,2.041,2.625,0.307,2,2,3,2.667,9,-0.222,-0.581,0.142,0.38,2.139,1.856,2.455,0.311,2,2,2,2.111,9,-0.465,-0.817,-0.075,0.377,1.02,0.893,1.149,0.133,1,1,1,1,9,0.29,-0.014,0.637,0.348,2.295,2.049,2.593,0.287,2,2,2,1.778,9,0.099,-0.21,0.383,0.304,2.175,1.931,2.427,0.253,2,2,2,2,9,-0.833,-1.11,-0.524,0.307,2.042,1.846,2.253,0.212,2,2,2,2,9,1.141,0.693,1.494,0.421,2.354,2.144,2.585,0.219,2,2,3,2.333,9,0.243,-0.1,0.594,0.361,1.634,1.31,1.919,0.31,2,1,2,1.667,9,0.461,0.094,0.843,0.396,2.649,2.361,2.935,0.299,3,3,3,2.333,9,0.444,0.889,0.778,0.556,0,0,0.222,0.111,0.333,0.222,0,9,0.444,0.667,0.889,0.556,0,0,0.222,0.111,0,0,9
Indonesia,IDN,56,2005,12/31/2005,2000,2025,,,,,,,850,0.346,0.019,0.665,0.339,2.744,2.495,2.984,0.253,3,3,3,2.889,9,0.517,0.2,0.855,0.34,2.858,2.644,3.124,0.245,3,3,3,3,9,0.452,0.059,0.847,0.415,2.383,2.117,2.701,0.304,3,2,3,2.333,9,0.802,0.388,1.169,0.412,3.225,2.975,3.444,0.235,3,3,3,3.111,9,0.112,-0.209,0.476,0.36,2.707,2.478,2.946,0.245,3,3,3,2.778,9,0.83,0.446,1.26,0.429,3.409,3.229,3.634,0.202,3,3,4,3.333,9,-0.082,-0.455,0.326,0.412,1.813,1.564,2.078,0.265,2,2,2,1.778,9,0.571,0.19,0.885,0.376,3.062,2.81,3.285,0.25,3,3,3,2.889,9,-0.748,-0.992,-0.403,0.312,2.091,1.77,2.46,0.364,2,2,2,2.333,9,1.113,0.506,1.541,0.546,3.845,3.772,3.994,0.132,4,4,4,3.778,9,0.451,0.15,0.738,0.308,3.561,3.422,3.724,0.153,4,4,4,3.556,9,1.15,0.723,1.563,0.442,3.572,3.359,3.783,0.207,4,4,4,3.444,9,0.286,-0.009,0.625,0.33,2.601,2.383,2.857,0.241,3,3,3,2.667,9,1.248,0.754,1.621,0.46,3.771,3.673,3.941,0.137,4,4,4,3.667,9,-0.688,-1.001,-0.313,0.361,1.555,1.343,1.799,0.239,2,1,2,1.556,9,-1.394,-1.77,-0.863,0.471,0.634,0.362,0.858,0.236,1,0,1,0.778,9,-0.06,-0.32,0.169,0.258,2.607,2.377,2.822,0.23,3,2,3,2.667,9,-0.717,-1.147,-0.256,0.479,0.553,0.396,0.734,0.17,1,0,1,0.667,9,-0.541,-0.901,-0.154,0.394,2.431,2.097,2.827,0.38,2,2,3,2.333,6,-0.294,-0.596,0.025,0.323,1.614,1.378,1.829,0.232,2,1,2,1.778,9,0.576,0.232,0.814,0.294,1.981,1.755,2.199,0.226,2,2,2,2,9,0.541,0.163,0.956,0.43,2.644,2.329,2.989,0.351,3,3,3,2.333,9,-0.245,-0.68,0.08,0.395,2.363,2.045,2.646,0.313,2,2,3,2.444,9,0.252,-0.1,0.531,0.333,2.167,2.012,2.325,0.163,2,2,2,2.111,9,-0.15,-0.579,0.244,0.428,2.35,2.041,2.625,0.307,2,2,3,2.667,9,-0.222,-0.581,0.142,0.38,2.139,1.856,2.455,0.311,2,2,2,2.111,9,-0.465,-0.817,-0.075,0.377,1.02,0.893,1.149,0.133,1,1,1,1,9,0.397,0.104,0.74,0.334,2.388,2.128,2.655,0.275,2,2,3,2,9,0.099,-0.21,0.383,0.304,2.175,1.931,2.427,0.253,2,2,2,2,9,-0.72,-0.985,-0.413,0.297,2.12,1.945,2.33,0.201,2,2,2,2.111,9,1.141,0.693,1.494,0.421,2.354,2.144,2.585,0.219,2,2,3,2.333,9,0.243,-0.1,0.594,0.361,1.634,1.31,1.919,0.31,2,1,2,1.667,9,0.461,0.094,0.843,0.396,2.649,2.361,2.935,0.299,3,3,3,2.333,9,0.444,0.889,0.778,0.556,0,0,0.222,0.111,0.333,0.222,0,9,0.556,0.667,0.889,0.667,0,0,0.222,0.111,0,0,9
Indonesia,IDN,56,2006,12/31/2006,2000,2025,,,,,,,850,0.346,0.019,0.665,0.339,2.744,2.495,2.984,0.253,3,3,3,2.889,9,0.517,0.2,0.855,0.34,2.858,2.644,3.124,0.245,3,3,3,3,9,0.452,0.059,0.847,0.415,2.383,2.117,2.701,0.304,3,2,3,2.333,9,0.802,0.388,1.169,0.412,3.225,2.975,3.444,0.235,3,3,3,3.111,9,0.112,-0.209,0.476,0.36,2.707,2.478,2.946,0.245,3,3,3,2.778,9,0.83,0.446,1.26,0.429,3.409,3.229,3.634,0.202,3,3,4,3.333,9,-0.082,-0.455,0.326,0.412,1.813,1.564,2.078,0.265,2,2,2,1.778,9,0.571,0.19,0.885,0.376,3.062,2.81,3.285,0.25,3,3,3,2.889,9,-0.748,-0.992,-0.403,0.312,2.091,1.77,2.46,0.364,2,2,2,2.333,9,1.113,0.506,1.541,0.546,3.845,3.772,3.994,0.132,4,4,4,3.778,9,0.451,0.15,0.738,0.308,3.561,3.422,3.724,0.153,4,4,4,3.556,9,1.15,0.723,1.563,0.442,3.572,3.359,3.783,0.207,4,4,4,3.444,9,0.286,-0.009,0.625,0.33,2.601,2.383,2.857,0.241,3,3,3,2.667,9,1.248,0.754,1.621,0.46,3.771,3.673,3.941,0.137,4,4,4,3.667,9,-0.688,-1.001,-0.313,0.361,1.555,1.343,1.799,0.239,2,1,2,1.556,9,-1.394,-1.77,-0.863,0.471,0.634,0.362,0.858,0.236,1,0,1,0.778,9,-0.06,-0.32,0.169,0.258,2.607,2.377,2.822,0.23,3,2,3,2.667,9,-0.717,-1.147,-0.256,0.479,0.553,0.396,0.734,0.17,1,0,1,0.667,9,-0.541,-0.901,-0.154,0.394,2.431,2.097,2.827,0.38,2,2,3,2.143,7,-0.294,-0.596,0.025,0.323,1.614,1.378,1.829,0.232,2,1,2,1.778,9,0.576,0.232,0.814,0.294,1.981,1.755,2.199,0.226,2,2,2,2,9,0.541,0.163,0.956,0.43,2.644,2.329,2.989,0.351,3,3,3,2.333,9,-0.245,-0.68,0.08,0.395,2.363,2.045,2.646,0.313,2,2,3,2.444,9,0.252,-0.1,0.531,0.333,2.167,2.012,2.325,0.163,2,2,2,2.111,9,-0.15,-0.579,0.244,0.428,2.35,2.041,2.625,0.307,2,2,3,2.667,9,-0.222,-0.581,0.142,0.38,2.139,1.856,2.455,0.311,2,2,2,2.111,9,-0.465,-0.817,-0.075,0.377,1.02,0.893,1.149,0.133,1,1,1,1,9,0.621,0.244,0.917,0.354,2.571,2.29,2.835,0.282,3,2,3,2.222,9,0.099,-0.21,0.383,0.304,2.175,1.931,2.427,0.253,2,2,2,2,9,-0.72,-0.985,-0.413,0.297,2.12,1.945,2.33,0.201,2,2,2,2.111,9,1.141,0.693,1.494,0.421,2.354,2.144,2.585,0.219,2,2,3,2.333,9,0.243,-0.1,0.594,0.361,1.634,1.31,1.919,0.31,2,1,2,1.667,9,0.461,0.094,0.843,0.396,2.649,2.361,2.935,0.299,3,3,3,2.333,9,0.444,0.889,0.778,0.556,0,0,0.222,0.111,0.333,0.222,0,9,0.556,0.667,0.889,0.667,0,0,0.222,0.111,0,0,9
Indonesia,IDN,56,2007,12/31/2007,2000,2025,,,,,,,850,0.346,0.019,0.665,0.339,2.744,2.495,2.984,0.253,3,3,3,2.889,9,0.517,0.2,0.855,0.34,2.858,2.644,3.124,0.245,3,3,3,3,9,0.452,0.059,0.847,0.415,2.383,2.117,2.701,0.304,3,2,3,2.333,9,0.802,0.388,1.169,0.412,3.225,2.975,3.444,0.235,3,3,3,3.111,9,0.112,-0.209,0.476,0.36,2.707,2.478,2.946,0.245,3,3,3,2.778,9,0.83,0.446,1.26,0.429,3.409,3.229,3.634,0.202,3,3,4,3.333,9,-0.082,-0.455,0.326,0.412,1.813,1.564,2.078,0.265,2,2,2,1.778,9,0.571,0.19,0.885,0.376,3.062,2.81,3.285,0.25,3,3,3,2.889,9,-0.748,-0.992,-0.403,0.312,2.091,1.77,2.46,0.364,2,2,2,2.333,9,1.113,0.506,1.541,0.546,3.845,3.772,3.994,0.132,4,4,4,3.778,9,0.451,0.15,0.738,0.308,3.561,3.422,3.724,0.153,4,4,4,3.556,9,1.15,0.723,1.563,0.442,3.572,3.359,3.783,0.207,4,4,4,3.444,9,0.286,-0.009,0.625,0.33,2.601,2.383,2.857,0.241,3,3,3,2.667,9,1.248,0.754,1.621,0.46,3.771,3.673,3.941,0.137,4,4,4,3.667,9,-0.688,-1.001,-0.313,0.361,1.555,1.343,1.799,0.239,2,1,2,1.556,9,-1.394,-1.77,-0.863,0.471,0.634,0.362,0.858,0.236,1,0,1,0.778,9,-0.06,-0.32,0.169,0.258,2.607,2.377,2.822,0.23,3,2,3,2.667,9,-0.717,-1.147,-0.256,0.479,0.553,0.396,0.734,0.17,1,0,1,0.667,9,-0.541,-0.901,-0.154,0.394,2.431,2.097,2.827,0.38,2,2,3,2.143,7,-0.294,-0.596,0.025,0.323,1.614,1.378,1.829,0.232,2,1,2,1.778,9,0.576,0.232,0.814,0.294,1.981,1.755,2.199,0.226,2,2,2,2,9,0.541,0.163,0.956,0.43,2.644,2.329,2.989,0.351,3,3,3,2.333,9,-0.245,-0.68,0.08,0.395,2.363,2.045,2.646,0.313,2,2,3,2.444,9,0.252,-0.1,0.531,0.333,2.167,2.012,2.325,0.163,2,2,2,2.111,9,-0.15,-0.579,0.244,0.428,2.35,2.041,2.625,0.307,2,2,3,2.667,9,-0.222,-0.581,0.142,0.38,2.139,1.856,2.455,0.311,2,2,2,2.111,9,-0.465,-0.817,-0.075,0.377,1.02,0.893,1.149,0.133,1,1,1,1,9,0.621,0.244,0.917,0.354,2.571,2.29,2.835,0.282,3,2,3,2.222,9,0.792,0.44,1.176,0.384,2.749,2.46,3.047,0.297,3,3,3,2.333,9,-0.72,-0.985,-0.413,0.297,2.12,1.945,2.33,0.201,2,2,2,2.111,9,1.141,0.693,1.494,0.421,2.354,2.144,2.585,0.219,2,2,3,2.333,9,0.243,-0.1,0.594,0.361,1.634,1.31,1.919,0.31,2,1,2,1.667,9,0.461,0.094,0.843,0.396,2.649,2.361,2.935,0.299,3,3,3,2.333,9,0.444,0.889,0.778,0.556,0,0,0.222,0.111,0.333,0.222,0,9,0.667,0.667,1,0.778,0,0.111,0.222,0.111,0,0,9
Indonesia,IDN,56,2008,12/31/2008,2000,2025,,,,,,,850,0.346,0.019,0.665,0.339,2.744,2.495,2.984,0.253,3,3,3,2.889,9,0.517,0.2,0.855,0.34,2.858,2.644,3.124,0.245,3,3,3,3,9,0.452,0.059,0.847,0.415,2.383,2.117,2.701,0.304,3,2,3,2.333,9,0.802,0.388,1.169,0.412,3.225,2.975,3.444,0.235,3,3,3,3.111,9,0.112,-0.209,0.476,0.36,2.707,2.478,2.946,0.245,3,3,3,2.778,9,0.83,0.446,1.26,0.429,3.409,3.229,3.634,0.202,3,3,4,3.333,9,0.209,-0.211,0.576,0.413,2.008,1.738,2.248,0.259,2,2,2,1.889,9,0.571,0.19,0.885,0.376,3.062,2.81,3.285,0.25,3,3,3,2.889,9,-0.748,-0.992,-0.403,0.312,2.091,1.77,2.46,0.364,2,2,2,2.333,9,1.113,0.506,1.541,0.546,3.845,3.772,3.994,0.132,4,4,4,3.778,9,0.451,0.15,0.738,0.308,3.561,3.422,3.724,0.153,4,4,4,3.556,9,1.15,0.723,1.563,0.442,3.572,3.359,3.783,0.207,4,4,4,3.444,9,0.286,-0.009,0.625,0.33,2.601,2.383,2.857,0.241,3,3,3,2.667,9,1.248,0.754,1.621,0.46,3.771,3.673,3.941,0.137,4,4,4,3.667,9,-0.688,-1.001,-0.313,0.361,1.555,1.343,1.799,0.239,2,1,2,1.556,9,-1.394,-1.77,-0.863,0.471,0.634,0.362,0.858,0.236,1,0,1,0.778,9,-0.06,-0.32,0.169,0.258,2.607,2.377,2.822,0.23,3,2,3,2.667,9,-0.717,-1.147,-0.256,0.479,0.553,0.396,0.734,0.17,1,0,1,0.667,9,-0.541,-0.901,-0.154,0.394,2.431,2.097,2.827,0.38,2,2,3,2.143,7,-0.294,-0.596,0.025,0.323,1.614,1.378,1.829,0.232,2,1,2,1.778,9,0.576,0.232,0.814,0.294,1.981,1.755,2.199,0.226,2,2,2,2,9,0.617,0.184,0.976,0.419,2.708,2.376,3.034,0.338,3,3,3,2.444,9,-0.245,-0.68,0.08,0.395,2.363,2.045,2.646,0.313,2,2,3,2.444,9,0.252,-0.1,0.531,0.333,2.167,2.012,2.325,0.163,2,2,2,2.111,9,-0.15,-0.579,0.244,0.428,2.35,2.041,2.625,0.307,2,2,3,2.667,9,-0.222,-0.581,0.142,0.38,2.139,1.856,2.455,0.311,2,2,2,2.111,9,-0.465,-0.817,-0.075,0.377,1.02,0.893,1.149,0.133,1,1,1,1,9,0.621,0.244,0.917,0.354,2.571,2.29,2.835,0.282,3,2,3,2.222,9,0.792,0.44,1.176,0.384,2.749,2.46,3.047,0.297,3,3,3,2.333,9,-0.72,-0.985,-0.413,0.297,2.12,1.945,2.33,0.201,2,2,2,2.111,9,1.141,0.693,1.494,0.421,2.354,2.144,2.585,0.219,2,2,3,2.333,9,0.243,-0.1,0.594,0.361,1.634,1.31,1.919,0.31,2,1,2,1.667,9,0.461,0.094,0.843,0.396,2.649,2.361,2.935,0.299,3,3,3,2.333,9,0.444,0.889,0.778,0.556,0,0,0.222,0.111,0.333,0.222,0,9,0.667,0.667,1,0.778,0,0.111,0.222,0.111,0,0,9
Indonesia,IDN,56,2009,12/31/2009,2000,2025,,,,,,,850,0.346,0.019,0.665,0.339,2.744,2.495,2.984,0.253,3,3,3,2.889,9,0.517,0.2,0.855,0.34,2.858,2.644,3.124,0.245,3,3,3,3,9,0.452,0.059,0.847,0.415,2.383,2.117,2.701,0.304,3,2,3,2.333,9,0.802,0.388,1.169,0.412,3.225,2.975,3.444,0.235,3,3,3,3.111,9,0.112,-0.209,0.476,0.36,2.707,2.478,2.946,0.245,3,3,3,2.778,9,0.83,0.446,1.26,0.429,3.409,3.229,3.634,0.202,3,3,4,3.333,9,0.209,-0.211,0.576,0.413,2.008,1.738,2.248,0.259,2,2,2,1.889,9,0.571,0.19,0.885,0.376,3.062,2.81,3.285,0.25,3,3,3,2.889,9,-0.748,-0.992,-0.403,0.312,2.091,1.77,2.46,0.364,2,2,2,2.333,9,1.113,0.506,1.541,0.546,3.845,3.772,3.994,0.132,4,4,4,3.778,9,0.451,0.15,0.738,0.308,3.561,3.422,3.724,0.153,4,4,4,3.556,9,1.15,0.723,1.563,0.442,3.572,3.359,3.783,0.207,4,4,4,3.444,9,0.286,-0.009,0.625,0.33,2.601,2.383,2.857,0.241,3,3,3,2.667,9,1.248,0.754,1.621,0.46,3.771,3.673,3.941,0.137,4,4,4,3.667,9,-0.688,-1.001,-0.313,0.361,1.555,1.343,1.799,0.239,2,1,2,1.556,9,-1.394,-1.77,-0.863,0.471,0.634,0.362,0.858,0.236,1,0,1,0.778,9,-0.06,-0.32,0.169,0.258,2.607,2.377,2.822,0.23,3,2,3,2.667,9,-0.717,-1.147,-0.256,0.479,0.553,0.396,0.734,0.17,1,0,1,0.667,9,-0.541,-0.901,-0.154,0.394,2.431,2.097,2.827,0.38,2,2,3,2.143,7,-0.294,-0.596,0.025,0.323,1.614,1.378,1.829,0.232,2,1,2,1.778,9,0.576,0.232,0.814,0.294,1.981,1.755,2.199,0.226,2,2,2,2,9,0.617,0.184,0.976,0.419,2.708,2.376,3.034,0.338,3,3,3,2.444,9,-0.245,-0.68,0.08,0.395,2.363,2.045,2.646,0.313,2,2,3,2.444,9,0.252,-0.1,0.531,0.333,2.167,2.012,2.325,0.163,2,2,2,2.111,9,-0.15,-0.579,0.244,0.428,2.35,2.041,2.625,0.307,2,2,3,2.667,9,-0.222,-0.581,0.142,0.38,2.139,1.856,2.455,0.311,2,2,2,2.111,9,-0.465,-0.817,-0.075,0.377,1.02,0.893,1.149,0.133,1,1,1,1,9,0.621,0.244,0.917,0.354,2.571,2.29,2.835,0.282,3,2,3,2.222,9,0.792,0.44,1.176,0.384,2.749,2.46,3.047,0.297,3,3,3,2.333,9,-0.72,-0.985,-0.413,0.297,2.12,1.945,2.33,0.201,2,2,2,2.111,9,1.141,0.693,1.494,0.421,2.354,2.144,2.585,0.219,2,2,3,2.333,9,0.243,-0.1,0.594,0.361,1.634,1.31,1.919,0.31,2,1,2,1.667,9,0.461,0.094,0.843,0.396,2.649,2.361,2.935,0.299,3,3,3,2.333,9,0.444,0.889,0.778,0.556,0,0,0.222,0.111,0.333,0.222,0,9,0.667,0.667,1,0.778,0,0.111,0.222,0.111,0,0,9
Indonesia,IDN,56,2010,12/31/2010,2000,2025,,,,,,,850,0.346,0.019,0.665,0.339,2.744,2.495,2.984,0.253,3,3,3,2.889,9,0.517,0.2,0.855,0.34,2.858,2.644,3.124,0.245,3,3,3,3,9,0.281,-0.122,0.671,0.41,2.254,1.939,2.545,0.309,2,2,3,2.222,9,0.802,0.388,1.169,0.412,3.225,2.975,3.444,0.235,3,3,3,3.111,9,0.112,-0.209,0.476,0.36,2.707,2.478,2.946,0.245,3,3,3,2.778,9,0.83,0.446,1.26,0.429,3.409,3.229,3.634,0.202,3,3,4,3.333,9,0.209,-0.211,0.576,0.413,2.008,1.738,2.248,0.259,2,2,2,1.889,9,0.571,0.19,0.885,0.376,3.062,2.81,3.285,0.25,3,3,3,2.889,9,-0.748,-0.992,-0.403,0.312,2.091,1.77,2.46,0.364,2,2,2,2.333,9,1.113,0.506,1.541,0.546,3.845,3.772,3.994,0.132,4,4,4,3.778,9,0.451,0.15,0.738,0.308,3.561,3.422,3.724,0.153,4,4,4,3.556,9,1.15,0.723,1.563,0.442,3.572,3.359,3.783,0.207,4,4,4,3.444,9,0.286,-0.009,0.625,0.33,2.601,2.383,2.857,0.241,3,3,3,2.667,9,1.248,0.754,1.621,0.46,3.771,3.673,3.941,0.137,4,4,4,3.667,9,-0.602,-0.991,-0.3,0.357,1.61,1.373,1.834,0.238,2,1,2,1.667,9,-1.394,-1.77,-0.863,0.471,0.634,0.362,0.858,0.236,1,0,1,0.778,9,-0.06,-0.32,0.169,0.258,2.607,2.377,2.822,0.23,3,2,3,2.667,9,-0.717,-1.147,-0.256,0.479,0.553,0.396,0.734,0.17,1,0,1,0.667,9,-0.541,-0.901,-0.154,0.394,2.431,2.097,2.827,0.38,2,2,3,2.143,7,-0.294,-0.596,0.025,0.323,1.614,1.378,1.829,0.232,2,1,2,1.778,9,0.576,0.232,0.814,0.294,1.981,1.755,2.199,0.226,2,2,2,2,9,0.617,0.184,0.976,0.419,2.708,2.376,3.034,0.338,3,3,3,2.444,9,-0.245,-0.68,0.08,0.395,2.363,2.045,2.646,0.313,2,2,3,2.444,9,0.252,-0.1,0.531,0.333,2.167,2.012,2.325,0.163,2,2,2,2.111,9,-0.15,-0.579,0.244,0.428,2.35,2.041,2.625,0.307,2,2,3,2.667,9,-0.222,-0.581,0.142,0.38,2.139,1.856,2.455,0.311,2,2,2,2.111,9,-0.465,-0.817,-0.075,0.377,1.02,0.893,1.149,0.133,1,1,1,1,9,0.776,0.428,1.127,0.374,2.697,2.391,2.951,0.29,3,3,3,2.333,9,0.871,0.436,1.171,0.401,2.809,2.453,3.034,0.3,3,3,3,2.444,9,-0.419,-0.68,-0.107,0.294,2.317,2.158,2.513,0.183,2,2,3,2.333,9,1.141,0.693,1.494,0.421,2.354,2.144,2.585,0.219,2,2,3,2.333,9,0.243,-0.1,0.594,0.361,1.634,1.31,1.919,0.31,2,1,2,1.667,9,0.898,0.502,1.392,0.481,2.978,2.671,3.312,0.334,3,3,3,2.444,9,0.444,0.889,0.778,0.556,0,0,0.222,0.111,0.333,0.222,0,9,0.667,0.667,1,0.778,0,0.111,0.222,0.111,0,0,9
Indonesia,IDN,56,2011,12/31/2011,2000,2025,,,,,,,850,0.346,0.019,0.665,0.339,2.744,2.495,2.984,0.253,3,3,3,2.889,9,0.517,0.2,0.855,0.34,2.858,2.644,3.124,0.245,3,3,3,3,9,0.281,-0.122,0.671,0.41,2.254,1.939,2.545,0.309,2,2,3,2.222,9,0.802,0.388,1.169,0.412,3.225,2.975,3.444,0.235,3,3,3,3.111,9,0.112,-0.209,0.476,0.36,2.707,2.478,2.946,0.245,3,3,3,2.778,9,0.83,0.446,1.26,0.429,3.409,3.229,3.634,0.202,3,3,4,3.333,9,0.209,-0.211,0.576,0.413,2.008,1.738,2.248,0.259,2,2,2,1.889,9,0.571,0.19,0.885,0.376,3.062,2.81,3.285,0.25,3,3,3,2.889,9,-0.748,-0.992,-0.403,0.312,2.091,1.77,2.46,0.364,2,2,2,2.333,9,1.113,0.506,1.541,0.546,3.845,3.772,3.994,0.132,4,4,4,3.778,9,0.451,0.15,0.738,0.308,3.561,3.422,3.724,0.153,4,4,4,3.556,9,1.15,0.723,1.563,0.442,3.572,3.359,3.783,0.207,4,4,4,3.444,9,0.286,-0.009,0.625,0.33,2.601,2.383,2.857,0.241,3,3,3,2.667,9,1.248,0.754,1.621,0.46,3.771,3.673,3.941,0.137,4,4,4,3.667,9,-0.602,-0.991,-0.3,0.357,1.61,1.373,1.834,0.238,2,1,2,1.667,9,-1.394,-1.77,-0.863,0.471,0.634,0.362,0.858,0.236,1,0,1,0.778,9,-0.06,-0.32,0.169,0.258,2.607,2.377,2.822,0.23,3,2,3,2.667,9,-0.717,-1.147,-0.256,0.479,0.553,0.396,0.734,0.17,1,0,1,0.667,9,-0.541,-0.901,-0.154,0.394,2.431,2.097,2.827,0.38,2,2,3,2.143,7,-0.294,-0.596,0.025,0.323,1.614,1.378,1.829,0.232,2,1,2,1.778,9,0.576,0.232,0.814,0.294,1.981,1.755,2.199,0.226,2,2,2,2,9,0.617,0.184,0.976,0.419,2.708,2.376,3.034,0.338,3,3,3,2.444,9,-0.245,-0.68,0.08,0.395,2.363,2.045,2.646,0.313,2,2,3,2.444,9,0.252,-0.1,0.531,0.333,2.167,2.012,2.325,0.163,2,2,2,2.111,9,-0.15,-0.579,0.244,0.428,2.35,2.041,2.625,0.307,2,2,3,2.667,9,-0.222,-0.581,0.142,0.38,2.139,1.856,2.455,0.311,2,2,2,2.111,9,-0.465,-0.817,-0.075,0.377,1.02,0.893,1.149,0.133,1,1,1,1,9,0.776,0.428,1.127,0.374,2.697,2.391,2.951,0.29,3,3,3,2.333,9,0.871,0.436,1.171,0.401,2.809,2.453,3.034,0.3,3,3,3,2.444,9,-0.379,-0.648,-0.087,0.293,2.343,2.176,2.515,0.178,2,2,3,2.444,9,1.817,1.23,2.258,0.53,2.681,2.517,2.899,0.191,3,3,3,2.556,9,0.243,-0.1,0.594,0.361,1.634,1.31,1.919,0.31,2,1,2,1.667,9,0.957,0.504,1.416,0.477,3.02,2.677,3.325,0.327,3,3,3,2.556,9,0.444,0.889,0.778,0.556,0,0,0.222,0.111,0.333,0.222,0,9,0.667,0.667,1,0.778,0,0.111,0.222,0.111,0,0,9
Indonesia,IDN,56,2012,12/31/2012,2000,2025,,,,,,,850,0.346,0.019,0.665,0.339,2.744,2.495,2.984,0.253,3,3,3,2.889,9,0.517,0.2,0.855,0.34,2.858,2.644,3.124,0.245,3,3,3,3,9,0.281,-0.122,0.671,0.41,2.254,1.939,2.545,0.309,2,2,3,2.222,9,0.802,0.388,1.169,0.412,3.225,2.975,3.444,0.235,3,3,3,3.111,9,0.112,-0.209,0.476,0.36,2.707,2.478,2.946,0.245,3,3,3,2.778,9,0.83,0.446,1.26,0.429,3.409,3.229,3.634,0.202,3,3,4,3.333,9,0.624,0.199,1.091,0.47,2.275,2.015,2.548,0.264,2,2,2,2,9,0.472,0.089,0.829,0.387,2.992,2.733,3.243,0.265,3,3,3,2.778,9,-0.748,-0.992,-0.403,0.312,2.091,1.77,2.46,0.364,2,2,2,2.333,9,1.113,0.506,1.541,0.546,3.845,3.772,3.994,0.132,4,4,4,3.778,9,0.451,0.15,0.738,0.308,3.561,3.422,3.724,0.153,4,4,4,3.556,9,1.15,0.723,1.563,0.442,3.572,3.359,3.783,0.207,4,4,4,3.444,9,0.286,-0.009,0.625,0.33,2.601,2.383,2.857,0.241,3,3,3,2.667,9,1.248,0.754,1.621,0.46,3.771,3.673,3.941,0.137,4,4,4,3.667,9,-0.602,-0.991,-0.3,0.357,1.61,1.373,1.834,0.238,2,1,2,1.667,9,-1.394,-1.77,-0.863,0.471,0.634,0.362,0.858,0.236,1,0,1,0.778,9,-0.06,-0.32,0.169,0.258,2.607,2.377,2.822,0.23,3,2,3,2.667,9,-0.717,-1.147,-0.256,0.479,0.553,0.396,0.734,0.17,1,0,1,0.667,9,-0.541,-0.901,-0.154,0.394,2.431,2.097,2.827,0.38,2,2,3,2.143,7,-0.294,-0.596,0.025,0.323,1.614,1.378,1.829,0.232,2,1,2,1.778,9,0.576,0.232,0.814,0.294,1.981,1.755,2.199,0.226,2,2,2,2,9,0.617,0.184,0.976,0.419,2.708,2.376,3.034,0.338,3,3,3,2.444,9,-0.245,-0.68,0.08,0.395,2.363,2.045,2.646,0.313,2,2,3,2.444,9,0.252,-0.1,0.531,0.333,2.167,2.012,2.325,0.163,2,2,2,2.111,9,-0.15,-0.579,0.244,0.428,2.35,2.041,2.625,0.307,2,2,3,2.667,9,-0.222,-0.581,0.142,0.38,2.139,1.856,2.455,0.311,2,2,2,2.111,9,-0.465,-0.817,-0.075,0.377,1.02,0.893,1.149,0.133,1,1,1,1,9,0.913,0.463,1.208,0.392,2.807,2.464,3.051,0.296,3,3,3,2.444,9,0.871,0.436,1.171,0.401,2.809,2.453,3.034,0.3,3,3,3,2.444,9,-0.379,-0.648,-0.087,0.293,2.343,2.176,2.515,0.178,2,2,3,2.444,9,1.817,1.23,2.258,0.53,2.681,2.517,2.899,0.191,3,3,3,2.556,9,0.243,-0.1,0.594,0.361,1.634,1.31,1.919,0.31,2,1,2,1.667,9,0.957,0.504,1.416,0.477,3.02,2.677,3.325,0.327,3,3,3,2.556,9,0.444,0.889,0.778,0.556,0,0,0.222,0.111,0.333,0.222,0,9,0.667,0.667,1,0.778,0,0.111,0.222,0.111,0,0,9
Indonesia,IDN,56,2013,12/31/2013,2000,2025,,,,,,,850,0.346,0.019,0.665,0.339,2.744,2.495,2.984,0.253,3,3,3,2.889,9,0.517,0.2,0.855,0.34,2.858,2.644,3.124,0.245,3,3,3,3,9,0.281,-0.122,0.671,0.41,2.254,1.939,2.545,0.309,2,2,3,2.222,9,0.802,0.388,1.169,0.412,3.225,2.975,3.444,0.235,3,3,3,3.111,9,0.112,-0.209,0.476,0.36,2.707,2.478,2.946,0.245,3,3,3,2.778,9,0.83,0.446,1.26,0.429,3.409,3.229,3.634,0.202,3,3,4,3.333,9,0.624,0.199,1.091,0.47,2.275,2.015,2.548,0.264,2,2,2,2,9,0.051,-0.356,0.445,0.411,2.685,2.37,2.972,0.312,3,3,3,2.667,9,-0.647,-0.892,-0.332,0.29,2.211,1.906,2.562,0.34,2,1,2,2.444,9,1.113,0.506,1.541,0.546,3.845,3.772,3.994,0.132,4,4,4,3.778,9,0.162,-0.119,0.413,0.278,3.392,3.233,3.566,0.171,4,3,4,3.444,9,1.15,0.723,1.563,0.442,3.572,3.359,3.783,0.207,4,4,4,3.444,9,0.132,-0.156,0.437,0.303,2.487,2.247,2.699,0.227,3,2,3,2.556,9,1.004,0.623,1.397,0.414,3.681,3.541,3.845,0.151,4,4,4,3.556,9,-0.312,-0.692,0.036,0.38,1.81,1.547,2.035,0.256,2,2,2,1.889,9,-1.259,-1.646,-0.813,0.436,0.704,0.487,0.963,0.233,1,1,1,0.889,9,-0.06,-0.32,0.169,0.258,2.607,2.377,2.822,0.23,3,2,3,2.667,9,-0.717,-1.147,-0.256,0.479,0.553,0.396,0.734,0.17,1,0,1,0.667,9,-0.541,-0.901,-0.154,0.394,2.431,2.097,2.827,0.38,2,2,3,2.143,7,-0.167,-0.43,0.167,0.309,1.707,1.488,1.926,0.226,2,2,2,1.889,9,0.576,0.232,0.814,0.294,1.981,1.755,2.199,0.226,2,2,2,2,9,0.617,0.184,0.976,0.419,2.708,2.376,3.034,0.338,3,3,3,2.444,9,-0.413,-0.77,-0.041,0.379,2.231,1.96,2.551,0.306,2,2,2,2.333,9,0.525,0.122,0.815,0.361,2.304,2.105,2.444,0.171,2,2,2,2.222,9,-0.15,-0.579,0.244,0.428,2.35,2.041,2.625,0.307,2,2,3,2.667,9,-0.222,-0.581,0.142,0.38,2.139,1.856,2.455,0.311,2,2,2,2.111,9,-0.465,-0.817,-0.075,0.377,1.02,0.893,1.149,0.133,1,1,1,1,9,0.913,0.463,1.208,0.392,2.807,2.464,3.051,0.296,3,3,3,2.444,9,0.871,0.436,1.171,0.401,2.809,2.453,3.034,0.3,3,3,3,2.444,9,-0.094,-0.369,0.164,0.283,2.51,2.366,2.652,0.15,3,3,3,2.667,9,1.817,1.23,2.258,0.53,2.681,2.517,2.899,0.191,3,3,3,2.556,9,0.243,-0.1,0.594,0.361,1.634,1.31,1.919,0.31,2,1,2,1.667,9,0.783,0.345,1.203,0.465,2.889,2.574,3.207,0.331,3,3,3,2.444,9,0.444,0.889,0.778,0.556,0,0,0.222,0.111,0.333,0.222,0,9,0.667,0.667,1,0.778,0,0.111,0.222,0.111,0,0,9
Indonesia,IDN,56,2014,12/31/2014,2000,2025,,,,,,,850,0.346,0.019,0.665,0.339,2.744,2.495,2.984,0.253,3,3,3,2.889,9,0.517,0.2,0.855,0.34,2.858,2.644,3.124,0.245,3,3,3,3,9,-0.114,-0.505,0.246,0.395,1.941,1.62,2.22,0.311,2,2,2,2,9,0.635,0.295,0.977,0.366,3.121,2.91,3.34,0.224,3,3,3,3,9,0.022,-0.307,0.341,0.339,2.646,2.411,2.867,0.236,3,3,3,2.667,9,0.83,0.446,1.26,0.429,3.409,3.229,3.634,0.202,3,3,4,3.333,9,1.004,0.45,1.438,0.51,2.491,2.254,2.764,0.246,3,2,3,2.1,10,0.051,-0.356,0.445,0.411,2.685,2.37,2.972,0.312,3,3,3,2.7,10,-0.647,-0.892,-0.332,0.29,2.211,1.906,2.562,0.34,2,1,2,2.5,10,1.113,0.506,1.541,0.546,3.845,3.772,3.994,0.132,4,4,4,3.7,10,0.162,-0.119,0.413,0.278,3.392,3.233,3.566,0.171,4,3,4,3.4,10,1.15,0.723,1.563,0.442,3.572,3.359,3.783,0.207,4,4,4,3.5,10,0.132,-0.156,0.437,0.303,2.487,2.247,2.699,0.227,3,2,3,2.6,10,0.633,0.294,0.899,0.319,3.511,3.35,3.656,0.156,4,4,4,3.4,10,-0.312,-0.692,0.036,0.38,1.81,1.547,2.035,0.256,2,2,2,1.889,9,-0.989,-1.314,-0.563,0.405,0.866,0.63,1.089,0.234,1,1,1,1,9,-0.06,-0.32,0.169,0.258,2.607,2.377,2.822,0.23,3,2,3,2.667,9,-0.717,-1.147,-0.256,0.479,0.553,0.396,0.734,0.17,1,0,1,0.667,9,-0.541,-0.901,-0.154,0.394,2.431,2.097,2.827,0.38,2,2,3,2.143,7,-0.167,-0.43,0.167,0.309,1.707,1.488,1.926,0.226,2,2,2,1.889,9,0.576,0.232,0.814,0.294,1.981,1.755,2.199,0.226,2,2,2,2,9,0.617,0.184,0.976,0.419,2.708,2.376,3.034,0.338,3,3,3,2.444,9,-0.413,-0.77,-0.041,0.379,2.231,1.96,2.551,0.306,2,2,2,2.333,9,0.525,0.122,0.815,0.361,2.304,2.105,2.444,0.171,2,2,2,2.222,9,-0.15,-0.579,0.244,0.428,2.35,2.041,2.625,0.307,2,2,3,2.667,9,-0.137,-0.536,0.231,0.397,2.211,1.902,2.529,0.321,2,2,2,2.222,9,-0.465,-0.817,-0.075,0.377,1.02,0.893,1.149,0.133,1,1,1,1,10,0.913,0.463,1.208,0.392,2.807,2.464,3.051,0.296,3,3,3,2.444,9,1.052,0.553,1.362,0.425,2.948,2.545,3.171,0.305,3,3,3,2.556,9,-0.094,-0.369,0.164,0.283,2.51,2.366,2.652,0.15,3,3,3,2.6,10,1.817,1.23,2.258,0.53,2.681,2.517,2.899,0.191,3,3,3,2.556,9,-0.754,-1.098,-0.343,0.405,0.79,0.539,1.101,0.282,1,0,1,0.9,10,0.167,-0.175,0.575,0.399,2.418,2.144,2.722,0.306,2,2,3,2.2,10,0.444,1,0.889,0.556,0,0,0.333,0.111,0.333,0.222,0,9,0.6,0.6,1,0.8,0.1,0.1,0.2,0.1,0,0,10
Indonesia,IDN,56,2015,12/31/2015,2000,2025,,,,,,,850,0.253,-0.141,0.54,0.351,2.668,2.408,2.925,0.27,3,3,3,2.778,9,0.517,0.2,0.855,0.34,2.858,2.644,3.124,0.245,3,3,3,3,9,0.06,-0.294,0.478,0.402,2.079,1.799,2.403,0.311,2,2,2,2.111,9,0.635,0.295,0.977,0.366,3.121,2.91,3.34,0.224,3,3,3,3,9,0.022,-0.307,0.341,0.339,2.646,2.411,2.867,0.236,3,3,3,2.667,9,0.83,0.446,1.26,0.429,3.409,3.229,3.634,0.202,3,3,4,3.333,9,1.24,0.673,1.666,0.522,2.607,2.415,2.853,0.215,3,3,3,2.2,10,0.051,-0.356,0.445,0.411,2.685,2.37,2.972,0.312,3,3,3,2.7,10,-0.529,-0.776,-0.258,0.267,2.346,2.085,2.673,0.309,2,2,3,2.6,10,1.113,0.506,1.541,0.546,3.845,3.772,3.994,0.132,4,4,4,3.7,10,0.162,-0.119,0.413,0.278,3.392,3.233,3.566,0.171,4,3,4,3.4,10,1.15,0.723,1.563,0.442,3.572,3.359,3.783,0.207,4,4,4,3.5,10,0.132,-0.156,0.437,0.303,2.487,2.247,2.699,0.227,3,2,3,2.6,10,0.633,0.294,0.899,0.319,3.511,3.35,3.656,0.156,4,4,4,3.4,10,-0.072,-0.411,0.295,0.373,1.972,1.728,2.209,0.253,2,2,2,2,9,-0.989,-1.314,-0.563,0.405,0.866,0.63,1.089,0.234,1,1,1,1,9,-0.06,-0.32,0.169,0.258,2.607,2.377,2.822,0.23,3,2,3,2.667,9,-0.495,-0.881,-0.122,0.415,0.643,0.507,0.78,0.143,1,1,1,0.778,9,-0.541,-0.901,-0.154,0.394,2.431,2.097,2.827,0.38,2,2,3,2.375,8,-0.022,-0.29,0.255,0.281,1.815,1.603,2.007,0.207,2,2,2,2,9,0.576,0.232,0.814,0.294,1.981,1.755,2.199,0.226,2,2,2,2,9,0.651,0.253,0.966,0.373,2.735,2.436,3.025,0.299,3,3,3,2.667,9,-0.086,-0.464,0.242,0.371,2.491,2.206,2.756,0.286,3,2,3,2.556,9,1.285,0.773,1.796,0.543,2.649,2.458,2.844,0.186,3,3,3,2.444,9,-0.15,-0.579,0.244,0.428,2.35,2.041,2.625,0.307,2,2,3,2.667,9,-0.137,-0.536,0.231,0.397,2.211,1.902,2.529,0.321,2,2,2,2.222,9,-0.904,-1.272,-0.521,0.388,0.871,0.761,1.028,0.142,1,1,1,0.9,10,0.913,0.463,1.208,0.392,2.807,2.464,3.051,0.296,3,3,3,2.4,10,1.187,0.737,1.595,0.462,3.052,2.716,3.352,0.314,3,3,3,2.667,9,0.15,-0.188,0.4,0.314,2.628,2.514,2.782,0.137,3,3,3,2.7,10,1.817,1.23,2.258,0.53,2.681,2.517,2.899,0.191,3,3,3,2.5,10,-0.861,-1.209,-0.466,0.404,0.714,0.447,0.971,0.265,1,0,1,0.9,10,0.167,-0.175,0.575,0.399,2.418,2.144,2.722,0.306,2,2,3,2.2,10,0.444,1,1,0.556,0,0,0.333,0.111,0.333,0.222,0,9,0.7,0.6,1,0.8,0.2,0.1,0.2,0.1,0,0,10
Indonesia,IDN,56,2016,12/31/2016,2000,2025,,,,,,,850,0.253,-0.141,0.54,0.351,2.668,2.408,2.925,0.27,3,3,3,2.778,9,0.517,0.2,0.855,0.34,2.858,2.644,3.124,0.245,3,3,3,3,9,-0.273,-0.597,0.084,0.352,1.814,1.559,2.104,0.28,2,2,2,1.9,10,0.635,0.295,0.977,0.366,3.121,2.91,3.34,0.224,3,3,3,3,9,0.022,-0.307,0.341,0.339,2.646,2.411,2.867,0.236,3,3,3,2.667,9,0.513,0.132,0.826,0.363,3.244,3.047,3.418,0.192,3,3,3,3.222,9,1.24,0.673,1.666,0.522,2.607,2.415,2.853,0.215,3,3,3,2.2,10,0.051,-0.356,0.445,0.411,2.685,2.37,2.972,0.312,3,3,3,2.7,10,-0.529,-0.776,-0.258,0.267,2.346,2.085,2.673,0.309,2,2,3,2.6,10,0.717,0.206,1.149,0.495,3.716,3.564,3.905,0.181,4,4,4,3.6,10,0.162,-0.119,0.413,0.278,3.392,3.233,3.566,0.171,4,3,4,3.4,10,1.15,0.723,1.563,0.442,3.572,3.359,3.783,0.207,4,4,4,3.5,10,0.132,-0.156,0.437,0.303,2.487,2.247,2.699,0.227,3,2,3,2.6,10,0.181,-0.166,0.506,0.345,3.254,3.071,3.477,0.207,3,3,3,3.3,10,0.104,-0.251,0.42,0.352,2.093,1.873,2.339,0.241,2,2,2,2.111,9,-0.989,-1.314,-0.563,0.405,0.866,0.63,1.089,0.234,1,1,1,1,9,-0.357,-0.578,-0.086,0.257,2.332,2.098,2.555,0.236,2,2,2,2.556,9,-0.495,-0.881,-0.122,0.415,0.643,0.507,0.78,0.143,1,1,1,0.778,9,-0.541,-0.901,-0.154,0.394,2.431,2.097,2.827,0.38,2,2,3,2.375,8,-0.022,-0.29,0.255,0.281,1.815,1.603,2.007,0.207,2,2,2,2,9,0.576,0.232,0.814,0.294,1.981,1.755,2.199,0.226,2,2,2,2,9,0.651,0.253,0.966,0.373,2.735,2.436,3.025,0.299,3,3,3,2.667,9,-0.452,-0.78,-0.108,0.352,2.194,1.93,2.474,0.285,2,2,2,2.444,9,1.285,0.773,1.796,0.543,2.649,2.458,2.844,0.186,3,3,3,2.444,9,-0.15,-0.579,0.244,0.428,2.35,2.041,2.625,0.307,2,2,3,2.667,9,-0.137,-0.536,0.231,0.397,2.211,1.902,2.529,0.321,2,2,2,2.222,9,-1.28,-1.64,-0.851,0.411,0.734,0.594,0.899,0.158,1,1,1,0.8,10,1.026,0.598,1.385,0.416,2.894,2.587,3.192,0.304,3,3,3,2.5,10,1.119,0.687,1.488,0.43,3,2.659,3.258,0.301,3,3,3,2.778,9,0.15,-0.188,0.4,0.314,2.628,2.514,2.782,0.137,3,3,3,2.7,10,1.534,1.028,1.939,0.479,2.558,2.364,2.788,0.207,3,3,3,2.4,10,-0.861,-1.209,-0.466,0.404,0.714,0.447,0.971,0.265,1,0,1,0.9,10,-0.129,-0.449,0.251,0.38,2.187,1.95,2.49,0.291,2,2,2,2.1,10,0.4,0.9,1,0.5,0,0,0.2,0.1,0.4,0.2,0,10,0.7,0.7,1,0.8,0.2,0.1,0.2,0.1,0,0,10
Indonesia,IDN,56,2017,12/31/2017,2000,2025,,,,,,,850,0.014,-0.331,0.292,0.325,2.48,2.244,2.748,0.262,3,3,3,2.667,9,0.517,0.2,0.855,0.34,2.858,2.644,3.124,0.245,3,3,3,3,9,-0.273,-0.597,0.084,0.352,1.814,1.559,2.104,0.28,2,2,2,1.9,10,0.635,0.295,0.977,0.366,3.121,2.91,3.34,0.224,3,3,3,3,9,0.022,-0.307,0.341,0.339,2.646,2.411,2.867,0.236,3,3,3,2.667,9,0.513,0.132,0.826,0.363,3.244,3.047,3.418,0.192,3,3,3,3.222,9,1.24,0.673,1.666,0.522,2.607,2.415,2.853,0.215,3,3,3,2.2,10,0.051,-0.356,0.445,0.411,2.685,2.37,2.972,0.312,3,3,3,2.7,10,-0.529,-0.776,-0.258,0.267,2.346,2.085,2.673,0.309,2,2,3,2.6,10,0.717,0.206,1.149,0.495,3.716,3.564,3.905,0.181,4,4,4,3.6,10,0.162,-0.119,0.413,0.278,3.392,3.233,3.566,0.171,4,3,4,3.4,10,1.15,0.723,1.563,0.442,3.572,3.359,3.783,0.207,4,4,4,3.5,10,0.132,-0.156,0.437,0.303,2.487,2.247,2.699,0.227,3,2,3,2.6,10,0.181,-0.166,0.506,0.345,3.254,3.071,3.477,0.207,3,3,3,3.3,10,0.104,-0.251,0.42,0.352,2.093,1.873,2.339,0.241,2,2,2,2.111,9,-0.989,-1.314,-0.563,0.405,0.866,0.63,1.089,0.234,1,1,1,1,9,-0.357,-0.578,-0.086,0.257,2.332,2.098,2.555,0.236,2,2,2,2.556,9,-0.495,-0.881,-0.122,0.415,0.643,0.507,0.78,0.143,1,1,1,0.778,9,-0.541,-0.901,-0.154,0.394,2.431,2.097,2.827,0.38,2,2,3,2.375,8,-0.022,-0.29,0.255,0.281,1.815,1.603,2.007,0.207,2,2,2,2,9,0.576,0.232,0.814,0.294,1.981,1.755,2.199,0.226,2,2,2,2,9,0.651,0.253,0.966,0.373,2.735,2.436,3.025,0.299,3,3,3,2.667,9,-0.452,-0.78,-0.108,0.352,2.194,1.93,2.474,0.285,2,2,2,2.444,9,1.231,0.697,1.713,0.526,2.627,2.427,2.824,0.19,3,3,3,2.556,9,-0.15,-0.579,0.244,0.428,2.35,2.041,2.625,0.307,2,2,3,2.667,9,-0.137,-0.536,0.231,0.397,2.211,1.902,2.529,0.321,2,2,2,2.222,9,-1.28,-1.64,-0.851,0.411,0.734,0.594,0.899,0.158,1,1,1,0.8,10,1.103,0.651,1.469,0.434,2.956,2.68,3.292,0.309,3,3,3,2.6,10,1.119,0.687,1.488,0.43,3,2.659,3.258,0.301,3,3,3,2.778,9,0.15,-0.188,0.4,0.314,2.628,2.514,2.782,0.137,3,3,3,2.7,10,1.119,0.739,1.548,0.425,2.342,2.112,2.558,0.223,2,2,3,2.3,10,-0.861,-1.209,-0.466,0.404,0.714,0.447,0.971,0.265,1,0,1,0.9,10,-0.129,-0.449,0.251,0.38,2.187,1.95,2.49,0.291,2,2,2,2.1,10,0.4,0.9,1,0.5,0,0,0.2,0.1,0.4,0.2,0,10,0.7,0.7,1,0.8,0.2,0.1,0.2,0.1,0,0,10
Indonesia,IDN,56,2018,12/31/2018,2000,2025,,,,,,,850,0.014,-0.331,0.292,0.325,2.48,2.244,2.748,0.262,3,3,3,2.6,10,0.517,0.2,0.855,0.34,2.858,2.644,3.124,0.245,3,3,3,3,10,0.026,-0.295,0.354,0.339,2.051,1.809,2.324,0.266,2,2,2,2.091,11,0.635,0.295,0.977,0.366,3.121,2.91,3.34,0.224,3,3,3,3,10,0.022,-0.307,0.341,0.339,2.646,2.411,2.867,0.236,3,3,3,2.7,10,0.513,0.132,0.826,0.363,3.244,3.047,3.418,0.192,3,3,3,3.2,10,1.24,0.673,1.666,0.522,2.607,2.415,2.853,0.215,3,3,3,2.273,11,0.051,-0.356,0.445,0.411,2.685,2.37,2.972,0.312,3,3,3,2.455,11,-0.529,-0.776,-0.258,0.267,2.346,2.085,2.673,0.309,2,2,3,2.636,11,0.717,0.206,1.149,0.495,3.716,3.564,3.905,0.181,4,4,4,3.364,11,0.162,-0.119,0.413,0.278,3.392,3.233,3.566,0.171,4,3,4,3.182,11,1.15,0.723,1.563,0.442,3.572,3.359,3.783,0.207,4,4,4,3.364,11,0.132,-0.156,0.437,0.303,2.487,2.247,2.699,0.227,3,2,3,2.545,11,0.181,-0.166,0.506,0.345,3.254,3.071,3.477,0.207,3,3,3,3,11,0.104,-0.251,0.42,0.352,2.093,1.873,2.339,0.241,2,2,2,2.1,10,-0.989,-1.314,-0.563,0.405,0.866,0.63,1.089,0.234,1,1,1,1.2,10,-0.357,-0.578,-0.086,0.257,2.332,2.098,2.555,0.236,2,2,2,2.3,10,-0.495,-0.881,-0.122,0.415,0.643,0.507,0.78,0.143,1,1,1,0.7,10,-0.541,-0.901,-0.154,0.394,2.431,2.097,2.827,0.38,2,2,3,2.375,8,-0.022,-0.29,0.255,0.281,1.815,1.603,2.007,0.207,2,2,2,2,10,0.576,0.232,0.814,0.294,1.981,1.755,2.199,0.226,2,2,2,2,10,0.651,0.253,0.966,0.373,2.735,2.436,3.025,0.299,3,3,3,2.6,10,-0.452,-0.78,-0.108,0.352,2.194,1.93,2.474,0.285,2,2,2,2.3,10,1.231,0.697,1.713,0.526,2.627,2.427,2.824,0.19,3,3,3,2.4,10,-0.15,-0.579,0.244,0.428,2.35,2.041,2.625,0.307,2,2,3,2.4,10,-0.137,-0.536,0.231,0.397,2.211,1.902,2.529,0.321,2,2,2,2.2,10,-1.28,-1.64,-0.851,0.411,0.734,0.594,0.899,0.158,1,1,1,0.818,11,1.103,0.651,1.469,0.434,2.956,2.68,3.292,0.309,3,3,3,2.545,11,1.119,0.687,1.488,0.43,3,2.659,3.258,0.301,3,3,3,2.7,10,0.15,-0.188,0.4,0.314,2.628,2.514,2.782,0.137,3,3,3,2.727,11,1.119,0.739,1.548,0.425,2.342,2.112,2.558,0.223,2,2,3,2.091,11,-0.861,-1.209,-0.466,0.404,0.714,0.447,0.971,0.265,1,0,1,0.818,11,-0.129,-0.449,0.251,0.38,2.187,1.95,2.49,0.291,2,2,2,2,11,0.4,1,1,0.6,0,0,0.3,0.1,0.3,0.2,0,10,0.727,0.636,1,0.727,0.182,0.091,0.182,0.091,0,0,11
Indonesia,IDN,56,2019,12/31/2019,2000,2025,,,,,,,850,-0.259,-0.64,0.122,0.39,2.245,1.868,2.519,0.33,2,2,3,2.286,7,0.144,-0.245,0.529,0.406,2.568,2.262,2.893,0.325,3,3,3,2.571,7,0.167,-0.235,0.627,0.443,2.163,1.86,2.525,0.339,2,2,2,2.125,8,0.598,0.143,0.923,0.423,3.096,2.852,3.351,0.258,3,3,3,2.714,7,0.012,-0.389,0.406,0.417,2.636,2.323,2.885,0.293,3,3,3,2.714,7,0.513,0.132,0.826,0.363,3.244,3.047,3.418,0.192,3,3,3,3.286,7,1.282,0.626,1.88,0.643,2.629,2.47,2.962,0.268,3,3,3,2.125,8,0.051,-0.356,0.445,0.411,2.685,2.37,2.972,0.312,3,3,3,2.75,8,-0.483,-0.786,-0.208,0.308,2.397,2.077,2.741,0.354,2,2,3,2.75,8,0.225,-0.098,0.602,0.375,3.476,3.296,3.689,0.208,4,4,4,3.25,8,0.007,-0.31,0.244,0.289,3.284,3.088,3.463,0.199,3,3,4,3.125,8,1.259,0.739,1.675,0.501,3.622,3.452,3.887,0.216,4,4,4,3.5,8,0.177,-0.116,0.502,0.321,2.522,2.3,2.767,0.24,3,2,3,2.625,8,0.374,0.04,0.653,0.322,3.373,3.191,3.538,0.178,3,3,4,3.25,8,0.104,-0.251,0.42,0.352,2.093,1.873,2.339,0.241,2,2,2,2.143,7,-1.174,-1.577,-0.691,0.483,0.756,0.501,1.023,0.26,1,1,1,0.857,7,-0.357,-0.578,-0.086,0.257,2.332,2.098,2.555,0.236,2,2,2,2.571,7,-0.495,-0.881,-0.122,0.415,0.643,0.507,0.78,0.143,1,1,1,0.857,7,-0.541,-0.901,-0.154,0.394,2.431,2.097,2.827,0.38,2,2,3,2.286,7,-0.022,-0.29,0.255,0.281,1.815,1.603,2.007,0.207,2,2,2,2,7,0.685,0.385,0.994,0.322,2.073,1.827,2.289,0.243,2,2,2,2,7,0.306,-0.003,0.649,0.348,2.444,2.155,2.717,0.296,2,2,3,2.429,7,-0.452,-0.78,-0.108,0.352,2.194,1.93,2.474,0.285,2,2,2,2.714,7,1.231,0.697,1.713,0.526,2.627,2.427,2.824,0.19,3,3,3,2.571,7,0.53,0.132,0.973,0.45,2.834,2.55,3.104,0.291,3,3,3,2.571,7,0.226,-0.189,0.695,0.466,2.508,2.198,2.893,0.36,3,2,3,2.429,7,-2.05,-2.572,-1.468,0.573,0.42,0.224,0.646,0.198,0,0,1,0.625,8,0.933,0.473,1.315,0.454,2.824,2.473,3.133,0.337,3,3,3,2.375,8,1.119,0.687,1.488,0.43,3,2.659,3.258,0.301,3,3,3,2.571,7,0.15,-0.188,0.4,0.314,2.628,2.514,2.782,0.137,3,3,3,2.75,8,0.976,0.62,1.365,0.394,2.264,2.062,2.492,0.217,2,2,2,2.25,8,-0.569,-0.97,-0.1,0.451,0.938,0.6,1.28,0.34,1,1,1,1,8,0.269,-0.104,0.656,0.411,2.499,2.188,2.778,0.313,2,2,3,2.25,8,0.429,1,1,0.714,0,0,0.143,0.143,0.714,0.143,0,7,0.5,0.625,1,0.5,0.375,0,0.25,0,0,0,8
Indonesia,IDN,56,2020,12/31/2020,2000,2025,,,,,,,850,0.18,-0.192,0.539,0.387,2.615,2.352,2.929,0.301,3,3,3,2.714,7,0.752,0.383,1.106,0.384,3.02,2.759,3.254,0.254,3,3,3,3,7,0.307,-0.113,0.75,0.451,2.271,1.941,2.591,0.34,2,2,3,2.286,7,0.778,0.36,1.141,0.411,3.213,2.99,3.467,0.239,3,3,3,3,7,0.071,-0.347,0.502,0.453,2.679,2.389,2.974,0.313,3,3,3,2.714,7,0.513,0.132,0.826,0.363,3.244,3.047,3.418,0.192,3,3,3,3.286,7,1.629,0.868,2.202,0.688,2.766,2.648,3,0.225,3,3,3,2.429,7,0.169,-0.155,0.572,0.389,2.772,2.534,3.073,0.288,3,3,3,2.571,7,-0.33,-0.731,0.06,0.43,2.57,2.187,3.054,0.454,3,2,3,3,7,0.258,-0.147,0.635,0.412,3.497,3.31,3.73,0.222,4,4,4,3.286,7,0.26,-0.087,0.574,0.346,3.451,3.28,3.668,0.204,4,4,4,3.286,7,1.259,0.739,1.675,0.501,3.622,3.452,3.887,0.216,4,4,4,3.571,7,-0.156,-0.564,0.225,0.412,2.263,1.964,2.579,0.317,2,1,2,2.429,7,0.374,0.04,0.653,0.322,3.373,3.191,3.538,0.178,3,3,4,3.143,7,0.104,-0.251,0.42,0.352,2.093,1.873,2.339,0.241,2,2,2,2.286,7,-1.174,-1.577,-0.691,0.483,0.756,0.501,1.023,0.26,1,1,1,1,7,-0.357,-0.578,-0.086,0.257,2.332,2.098,2.555,0.236,2,2,2,2.429,7,-0.823,-1.316,-0.289,0.56,0.512,0.334,0.724,0.19,1,0,1,0.571,7,-0.541,-0.901,-0.154,0.394,2.431,2.097,2.827,0.38,2,2,3,1.8,5,-0.022,-0.29,0.255,0.281,1.815,1.603,2.007,0.207,2,2,2,2.143,7,0.288,-0.051,0.611,0.349,1.758,1.514,2.037,0.272,2,2,2,1.857,7,0.306,-0.003,0.649,0.348,2.444,2.155,2.717,0.296,2,2,3,2.429,7,-0.282,-0.731,0.138,0.461,2.333,2.01,2.706,0.365,2,2,3,2.429,7,2.273,1.489,2.895,0.716,2.918,2.849,3,0.124,3,3,3,2.857,7,0.53,0.132,0.973,0.45,2.834,2.55,3.104,0.291,3,3,3,2.714,7,0.036,-0.46,0.533,0.509,2.349,1.981,2.781,0.406,2,2,3,2.286,7,-1.346,-1.748,-0.849,0.467,0.707,0.534,0.881,0.179,1,1,1,0.714,7,0.864,0.455,1.256,0.435,2.77,2.427,3.066,0.326,3,3,3,2.286,7,1.119,0.687,1.488,0.43,3,2.659,3.258,0.301,3,3,3,2.571,7,1.826,0.98,2.609,0.812,2.983,2.958,3,0.071,3,3,3,3,7,0.816,0.399,1.126,0.38,2.167,1.925,2.367,0.221,2,2,2,2.143,7,-0.253,-0.696,0.228,0.478,1.194,0.764,1.538,0.39,1,1,1,1.286,7,0.492,0.117,0.887,0.411,2.667,2.39,2.983,0.309,3,3,3,2.571,7,0.286,0.857,0.857,0.857,0,0,0.286,0,0.714,0.143,0,7,0.429,0.714,1,0.857,0.286,0,0.429,0.143,0,0,7
Indonesia,IDN,56,2021,12/31/2021,2000,2025,,,,,,,850,0.18,-0.192,0.539,0.387,2.615,2.352,2.929,0.301,3,3,3,2.667,6,0.752,0.383,1.106,0.384,3.02,2.759,3.254,0.254,3,3,3,3,6,0.307,-0.113,0.75,0.451,2.271,1.941,2.591,0.34,2,2,3,2.333,6,0.778,0.36,1.141,0.411,3.213,2.99,3.467,0.239,3,3,3,3,6,0.071,-0.347,0.502,0.453,2.679,2.389,2.974,0.313,3,3,3,2.667,6,0.513,0.132,0.826,0.363,3.244,3.047,3.418,0.192,3,3,3,3.333,6,1.629,0.868,2.202,0.688,2.766,2.648,3,0.225,3,3,3,2.5,6,0.169,-0.155,0.572,0.389,2.772,2.534,3.073,0.288,3,3,3,2.5,6,-0.33,-0.731,0.06,0.43,2.57,2.187,3.054,0.454,3,2,3,3.333,6,0.258,-0.147,0.635,0.412,3.497,3.31,3.73,0.222,4,4,4,3.333,6,0.26,-0.087,0.574,0.346,3.451,3.28,3.668,0.204,4,4,4,3.167,6,1.206,0.619,1.646,0.531,3.599,3.424,3.904,0.242,4,4,4,3.333,6,-0.714,-1.211,-0.259,0.517,1.817,1.392,2.144,0.397,2,1,2,2.167,6,0.374,0.04,0.653,0.322,3.373,3.191,3.538,0.178,3,3,4,3,6,0.418,-0.122,0.925,0.555,2.312,1.939,2.661,0.379,2,1,2,2.167,6,-1.174,-1.577,-0.691,0.483,0.756,0.501,1.023,0.26,1,1,1,1.167,6,-0.403,-0.722,-0.108,0.321,2.289,1.986,2.553,0.297,2,2,2,2.167,6,-0.823,-1.316,-0.289,0.56,0.512,0.334,0.724,0.19,1,0,1,0.667,6,-1.171,-1.552,-0.668,0.458,1.792,1.427,2.309,0.442,2,1,2,1.6,5,0.233,-0.267,0.689,0.519,2.005,1.621,2.342,0.381,2,2,2,2.167,6,0.66,0.103,1.153,0.554,2.048,1.665,2.465,0.414,2,2,2,2,6,0.306,-0.003,0.649,0.348,2.444,2.155,2.717,0.296,2,2,3,2.333,6,-0.513,-1.028,-0.043,0.504,2.145,1.785,2.596,0.409,2,1,2,2.333,6,2.273,1.489,2.895,0.716,2.918,2.849,3,0.124,3,3,3,2.833,6,0.53,0.132,0.973,0.45,2.834,2.55,3.104,0.291,3,3,3,2.667,6,0.1,-0.282,0.61,0.479,2.401,2.093,2.798,0.383,3,2,3,2.333,6,-1.346,-1.748,-0.849,0.467,0.707,0.534,0.881,0.179,1,1,1,0.667,6,0.864,0.455,1.256,0.435,2.77,2.427,3.066,0.326,3,3,3,2.333,6,1.243,0.726,1.78,0.549,3.089,2.713,3.47,0.366,3,3,3,2.667,6,1.826,0.98,2.609,0.812,2.983,2.958,3,0.071,3,3,3,3,6,0.816,0.399,1.126,0.38,2.167,1.925,2.367,0.221,2,2,2,2.167,6,-0.253,-0.696,0.228,0.478,1.194,0.764,1.538,0.39,1,1,1,1.167,6,0.228,-0.164,0.628,0.415,2.467,2.144,2.759,0.318,2,2,3,2.333,6,0.333,0.833,1,0.833,0,0,0.167,0,0.5,0.167,0,6,0.5,0.5,1,0.833,0.333,0,0.333,0.167,0,0,6
Indonesia,IDN,56,2022,12/31/2022,2000,2025,,,,,,,850,0.18,-0.192,0.539,0.387,2.615,2.352,2.929,0.301,3,3,3,2.667,6,1.561,0.941,2.015,0.569,3.506,3.261,3.782,0.257,4,3,4,3.333,6,0.307,-0.113,0.75,0.451,2.271,1.941,2.591,0.34,2,2,3,2.333,6,0.778,0.36,1.141,0.411,3.213,2.99,3.467,0.239,3,3,3,3,6,0.216,-0.381,0.792,0.595,2.772,2.415,3.181,0.395,3,3,3,2.667,6,0.473,0.039,0.979,0.501,3.22,3.001,3.513,0.267,3,3,3,3,6,1.629,0.868,2.202,0.688,2.766,2.648,3,0.225,3,3,3,2.5,6,0.235,-0.296,0.628,0.482,2.821,2.531,3.2,0.351,3,3,3,2.667,6,-0.33,-0.731,0.06,0.43,2.57,2.187,3.054,0.454,3,2,3,3.333,6,0.258,-0.147,0.635,0.412,3.497,3.31,3.73,0.222,4,4,4,3.333,6,0.26,-0.087,0.574,0.346,3.451,3.28,3.668,0.204,4,4,4,3.167,6,1.206,0.619,1.646,0.531,3.599,3.424,3.904,0.242,4,4,4,3.333,6,-0.902,-1.359,-0.385,0.508,1.673,1.296,2.051,0.386,2,1,2,2,6,-0.212,-0.588,0.169,0.398,3.002,2.775,3.274,0.265,3,3,3,2.833,6,1.687,0.82,2.335,0.759,3.163,2.789,3.689,0.438,3,2,3,2.667,6,-0.804,-1.285,-0.357,0.484,0.978,0.696,1.271,0.292,1,1,1,1.333,6,-0.58,-0.842,-0.227,0.327,2.12,1.863,2.434,0.302,2,2,2,2,6,0.396,-0.448,1.114,0.852,0.894,0.82,1,0.132,1,1,1,0.833,6,-0.974,-1.385,-0.537,0.445,2.008,1.612,2.461,0.436,2,2,2,1.8,5,-0.166,-0.559,0.37,0.498,1.706,1.391,2.069,0.36,2,1,2,2,6,0.951,0.395,1.505,0.582,2.264,1.851,2.676,0.421,2,2,3,2.167,6,0.306,-0.003,0.649,0.348,2.444,2.155,2.717,0.296,2,2,3,2.333,6,-0.211,-0.659,0.276,0.486,2.392,2.01,2.754,0.383,2,2,3,2.5,6,2.273,1.489,2.895,0.716,2.918,2.849,3,0.124,3,3,3,2.833,6,0.53,0.132,0.973,0.45,2.834,2.55,3.104,0.291,3,3,3,2.667,6,0.1,-0.282,0.61,0.479,2.401,2.093,2.798,0.383,3,2,3,2.333,6,-2.201,-2.783,-1.469,0.675,0.362,0.066,0.519,0.215,0,0,0,0.667,6,0.864,0.455,1.256,0.435,2.77,2.427,3.066,0.326,3,3,3,2.333,6,1.243,0.726,1.78,0.549,3.089,2.713,3.47,0.366,3,3,3,2.667,6,1.826,0.98,2.609,0.812,2.983,2.958,3,0.071,3,3,3,3,6,1.05,0.617,1.489,0.455,2.308,2.054,2.544,0.242,2,2,2,2.167,6,-0.253,-0.696,0.228,0.478,1.194,0.764,1.538,0.39,1,1,1,1.167,6,0.105,-0.322,0.517,0.451,2.37,2.073,2.72,0.346,2,2,3,2.167,6,0.333,0.833,1,0.833,0,0,0.167,0,0.5,0,0,6,0.5,0.5,1,0.667,0.167,0,0.333,0,0,0,6
Indonesia,IDN,56,2023,12/31/2023,2000,2025,,,,,,,850,0.054,-0.387,0.469,0.446,2.515,2.189,2.876,0.358,3,3,3,2.6,5,1.151,0.655,1.622,0.508,3.279,3,3.567,0.281,3,3,3,3,5,0.211,-0.327,0.708,0.554,2.198,1.832,2.616,0.418,2,2,3,2.2,5,1.098,0.501,1.538,0.56,3.396,3.15,3.709,0.272,3,3,4,3.2,5,0.216,-0.381,0.792,0.595,2.772,2.415,3.181,0.395,3,3,3,2.8,5,0.473,0.039,0.979,0.501,3.22,3.001,3.513,0.267,3,3,3,3,5,1.629,0.868,2.202,0.688,2.766,2.648,3,0.225,3,3,3,2.4,5,0.214,-0.261,0.718,0.529,2.809,2.458,3.172,0.388,3,3,3,2.6,5,-0.33,-0.731,0.06,0.43,2.57,2.187,3.054,0.454,3,2,3,3.2,5,0.53,-0.071,1.035,0.599,3.636,3.464,3.936,0.26,4,4,4,3.4,5,0.401,-0.012,0.798,0.439,3.534,3.33,3.766,0.23,4,4,4,3.4,5,1.304,0.662,1.833,0.61,3.646,3.492,3.984,0.262,4,4,4,3.4,5,-0.565,-1.057,-0.138,0.498,1.936,1.573,2.302,0.385,2,2,2,2.2,5,0.57,0.119,1.036,0.49,3.479,3.271,3.737,0.244,4,3,4,3.2,5,1.773,1.109,2.446,0.684,3.215,2.814,3.611,0.384,3,3,4,2.8,5,-0.389,-0.946,0.338,0.663,1.242,0.764,1.611,0.436,1,1,1,1.4,5,-0.58,-0.842,-0.227,0.327,2.12,1.863,2.434,0.302,2,2,2,2.2,5,0.396,-0.448,1.114,0.852,0.894,0.82,1,0.132,1,1,1,0.8,5,-1.325,-1.734,-0.755,0.513,1.651,1.209,2.166,0.483,2,1,2,1.5,4,-0.166,-0.559,0.37,0.498,1.706,1.391,2.069,0.36,2,1,2,2.2,5,0.659,0.115,1.254,0.593,2.045,1.571,2.442,0.443,2,2,2,2,5,0.825,0.364,1.279,0.498,2.872,2.531,3.261,0.38,3,3,3,2.6,5,-1.02,-1.506,-0.47,0.548,1.716,1.265,2.133,0.446,2,1,2,2,5,1.414,0.794,1.955,0.591,2.697,2.569,2.944,0.191,3,3,3,2.6,5,0.53,0.132,0.973,0.45,2.834,2.55,3.104,0.291,3,3,3,2.8,5,-0.045,-0.528,0.466,0.557,2.283,1.923,2.73,0.446,2,2,3,2.2,5,-2.201,-2.783,-1.469,0.675,0.362,0.066,0.519,0.215,0,0,0,0.8,5,0.696,0.1,1.244,0.603,2.636,2.22,3.141,0.471,3,2,3,2.2,5,1.208,0.497,1.792,0.664,3.06,2.671,3.588,0.453,3,2,3,2.6,5,1.826,0.98,2.609,0.812,2.983,2.958,3,0.071,3,3,3,3,5,1.05,0.617,1.489,0.455,2.308,2.054,2.544,0.242,2,2,2,2,5,-0.142,-0.604,0.266,0.458,1.291,0.932,1.678,0.383,1,0,1,1.2,5,0.635,0.202,1.151,0.538,2.778,2.435,3.145,0.39,3,3,3,2.4,5,0,0.8,0.8,0.8,0,0,0,0,0.8,0,0,5,0.4,0.4,0.8,0.8,0.2,0,0.2,0,0,0,5
Indonesia,IDN,56,2024,12/31/2024,2000,2025,,,,,,,850,-0.379,-0.888,0.042,0.483,2.144,1.752,2.557,0.409,2,2,3,2.25,4,1.151,0.655,1.622,0.508,3.279,3,3.567,0.281,3,3,3,2.75,4,0.211,-0.327,0.708,0.554,2.198,1.832,2.616,0.418,2,2,3,2,4,1.098,0.501,1.538,0.56,3.396,3.15,3.709,0.272,3,3,4,3.25,4,0.216,-0.381,0.792,0.595,2.772,2.415,3.181,0.395,3,3,3,2.75,4,0.473,0.039,0.979,0.501,3.22,3.001,3.513,0.267,3,3,3,3,4,1.629,0.868,2.202,0.688,2.766,2.648,3,0.225,3,3,3,2.5,4,0.714,0.053,1.307,0.663,3.159,2.807,3.595,0.424,3,3,3,2.75,4,0.305,-0.298,0.936,0.686,3.218,2.81,3.804,0.5,4,3,4,3.5,4,0.53,-0.071,1.035,0.599,3.636,3.464,3.936,0.26,4,4,4,3.5,4,0.401,-0.012,0.798,0.439,3.534,3.33,3.766,0.23,4,4,4,3.5,4,1.304,0.662,1.833,0.61,3.646,3.492,3.984,0.262,4,4,4,3.25,4,-0.214,-0.714,0.207,0.489,2.217,1.804,2.529,0.376,2,1,2,2.25,4,0.154,-0.228,0.632,0.467,3.242,2.991,3.511,0.282,3,3,3,3,4,1.516,0.863,2.169,0.667,3.06,2.682,3.498,0.401,3,3,3,2.75,4,-0.389,-0.946,0.338,0.663,1.242,0.764,1.611,0.436,1,1,1,1.25,4,-0.58,-0.842,-0.227,0.327,2.12,1.863,2.434,0.302,2,2,2,2.25,4,0.396,-0.448,1.114,0.852,0.894,0.82,1,0.132,1,1,1,1,4,-0.931,-1.419,-0.491,0.486,2.039,1.517,2.449,0.473,2,1,2,2,4,0.766,0.039,1.284,0.659,2.403,1.963,2.88,0.47,2,2,3,2.5,4,0.659,0.115,1.254,0.593,2.045,1.571,2.442,0.443,2,2,2,2,4,0.383,0.007,0.773,0.417,2.515,2.197,2.849,0.35,3,2,3,2.5,4,-0.584,-1.05,-0.021,0.55,2.087,1.692,2.538,0.445,2,1,2,2.25,4,1.414,0.794,1.955,0.591,2.697,2.569,2.944,0.191,3,3,3,2.5,4,0.53,0.132,0.973,0.45,2.834,2.55,3.104,0.291,3,3,3,2.5,4,0.503,-0.104,1.138,0.686,2.721,2.307,3.233,0.504,3,3,3,2.5,4,-2.201,-2.783,-1.469,0.675,0.362,0.066,0.519,0.215,0,0,0,0.75,4,1.081,0.377,1.703,0.695,2.939,2.478,3.465,0.499,3,2,3,2.25,4,2.198,1.491,2.968,0.755,3.659,3.484,3.996,0.332,4,4,4,3,4,1.826,0.98,2.609,0.812,2.983,2.958,3,0.071,3,3,3,3,4,0.424,-0.097,0.916,0.524,1.927,1.601,2.235,0.321,2,2,2,1.75,4,-0.569,-1.023,0.026,0.56,0.933,0.497,1.304,0.416,1,0,1,1,4,0.635,0.202,1.151,0.538,2.778,2.435,3.145,0.39,3,3,3,2.25,4,0.25,1,0.75,0.75,0,0,0.25,0,0.5,0,0,4,0.5,1,0.75,1,0,0,0.25,0,0,0,4
Indonesia,IDN,56,2025,12/31/2025,2000,2025,,,,,,,,-0.579,-1.034,-0.099,0.493,1.969,1.601,2.425,0.421,2,1,2,2,4,1.151,0.655,1.622,0.508,3.279,3,3.567,0.281,3,3,3,2.75,4,-0.487,-1.108,0.315,0.729,1.643,1.11,2.233,0.549,2,1,2,1.75,4,0.928,0.401,1.386,0.529,3.297,3.023,3.59,0.284,3,2,3,2.75,4,0.216,-0.381,0.792,0.595,2.772,2.415,3.181,0.395,3,3,3,2.75,4,0.473,0.039,0.979,0.501,3.22,3.001,3.513,0.267,3,3,3,3,4,1.629,0.868,2.202,0.688,2.766,2.648,3,0.225,3,3,3,2.5,4,0.714,0.053,1.307,0.663,3.159,2.807,3.595,0.424,3,3,3,2.75,4,0.305,-0.298,0.936,0.686,3.218,2.81,3.804,0.5,4,3,4,3.5,4,0.53,-0.071,1.035,0.599,3.636,3.464,3.936,0.26,4,4,4,3.5,4,0.401,-0.012,0.798,0.439,3.534,3.33,3.766,0.23,4,4,4,3.5,4,0.618,0.029,1.111,0.574,3.24,2.853,3.606,0.38,3,3,4,2.75,4,-0.897,-1.331,-0.401,0.504,1.677,1.308,2.042,0.383,2,1,2,1.75,4,0.154,-0.228,0.632,0.467,3.242,2.991,3.511,0.282,3,3,3,3,4,1.905,1.204,2.548,0.681,3.298,2.994,3.75,0.367,3,3,4,3,4,-0.389,-0.946,0.338,0.663,1.242,0.764,1.611,0.436,1,1,1,1.25,4,-0.58,-0.842,-0.227,0.327,2.12,1.863,2.434,0.302,2,2,2,2.25,4,0.396,-0.448,1.114,0.852,0.894,0.82,1,0.132,1,1,1,1,4,-0.573,-1.002,-0.055,0.493,2.399,2.008,2.93,0.471,2,2,3,2.5,4,0.766,0.039,1.284,0.659,2.403,1.963,2.88,0.47,2,2,3,2.5,4,0.659,0.115,1.254,0.593,2.045,1.571,2.442,0.443,2,2,2,2,4,0.383,0.007,0.773,0.417,2.515,2.197,2.849,0.35,3,2,3,2.5,4,-0.584,-1.05,-0.021,0.55,2.087,1.692,2.538,0.445,2,1,2,2.25,4,1.961,1.2,2.651,0.733,2.858,2.768,3,0.169,3,3,3,2.75,4,0.483,-0.136,1.045,0.614,2.797,2.443,3.236,0.404,3,3,3,2.75,4,0.503,-0.104,1.138,0.686,2.721,2.307,3.233,0.504,3,3,3,2.5,4,-2.201,-2.783,-1.469,0.675,0.362,0.066,0.519,0.215,0,0,0,0.75,4,1.081,0.377,1.703,0.695,2.939,2.478,3.465,0.499,3,2,3,2.25,4,1.774,1.056,2.471,0.731,3.444,3.175,3.906,0.404,4,3,4,2.75,4,1.826,0.98,2.609,0.812,2.983,2.958,3,0.071,3,3,3,3,4,0.473,-0.01,0.989,0.523,1.954,1.627,2.252,0.318,2,2,2,1.75,4,0.322,-0.149,0.845,0.528,1.702,1.29,2.157,0.441,2,1,2,1.75,4,0.635,0.202,1.151,0.538,2.778,2.435,3.145,0.39,3,3,3,2.25,4,0.25,1,0.75,0.75,0,0,0.5,0,0.5,0,0,4,1,0.75,1,1,0,0,0,0,0,0,4
